﻿RECORDING_SESSION_LABEL;IA_FIRST_FIXATION_DURATION;IA_LABEL;type;Word;verb
1;214;ключи;0;noun;потеряла
1;262;историю;1;noun;вошли
1;221;успеху,;1;noun;идёт
1;60;депрессии,;1;noun;вышла
1;163;бюджет;1;noun;наполняет
1;362;коридорам;0;noun;бродит
1;205;масло;0;noun;разогреть
2;238;ресторана,;0;noun;вышла
2;100;Интернету;1;noun;бродит
2;154;стакан;0;noun;наполняет
2;215;комнату;0;noun;вошли
2;166;мышцы;1;noun;разогреть
3;283;коридорам;0;noun;бродит
3;231;историю;1;noun;вошли
3;220;масло;0;noun;разогреть
3;179;бюджет;1;noun;наполняет
3;236;успеху,;1;noun;идёт
3;170;депрессии,;1;noun;вышла
4;240;комнату;0;noun;вошли
4;270;стакан;0;noun;наполняет
4;270;Интернету;1;noun;бродит
4;234;ресторана,;0;noun;вышла
4;243;машине,;0;noun;идёт
4;285;мышцы;1;noun;разогреть
5;310;бюджет;1;noun;наполняет
5;195;коридорам;0;noun;бродит
5;176;историю;1;noun;вошли
5;155;ключи;0;noun;потеряла
5;201;успеху,;1;noun;идёт
5;198;депрессии,;1;noun;вышла
5;220;масло;0;noun;разогреть
6;159;разум;1;noun;потеряла
6;230;Интернету;1;noun;бродит
6;174;мышцы;1;noun;разогреть
6;144;комнату;0;noun;вошли
6;220;машине,;0;noun;идёт
6;144;ресторана,;0;noun;вышла
6;222;стакан;0;noun;наполняет
7;178;историю;1;noun;вошли
7;240;масло;0;noun;разогреть
7;87;успеху,;1;noun;идёт
7;150;депрессии,;1;noun;вышла
7;238;коридорам;0;noun;бродит
7;446;ключи;0;noun;потеряла
8;161;ресторана,;0;noun;вышла
8;237;комнату;0;noun;вошли
8;197;разум;1;noun;потеряла
8;352;Интернету;1;noun;бродит
8;329;стакан;0;noun;наполняет
8;279;мышцы;1;noun;разогреть
9;235;ключи;0;noun;потеряла
9;228;масло;0;noun;разогреть
9;245;успеху,;1;noun;идёт
9;198;историю;1;noun;вошли
9;145;депрессии,;1;noun;вышла
9;189;бюджет;1;noun;наполняет
9;209;коридорам;0;noun;бродит
10;211;мышцы;1;noun;разогреть
10;256;машине,;0;noun;идёт
10;90;ресторана,;0;noun;вышла
10;168;комнату;0;noun;вошли
10;231;разум;1;noun;потеряла
10;254;Интернету;1;noun;бродит
10;125;стакан;0;noun;наполняет
11;149;ключи;0;noun;потеряла
11;177;масло;0;noun;разогреть
11;188;коридорам;0;noun;бродит
11;116;депрессии,;1;noun;вышла
11;146;историю;1;noun;вошли
11;177;бюджет;1;noun;наполняет
11;116;успеху,;1;noun;идёт
12;168;ресторана,;0;noun;вышла
12;162;комнату;0;noun;вошли
12;138;машине,;0;noun;идёт
12;154;стакан;0;noun;наполняет
12;267;Интернету;1;noun;бродит
13;319;ключи;0;noun;потеряла
13;266;историю;1;noun;вошли
13;271;бюджет;1;noun;наполняет
13;239;масло;0;noun;разогреть
13;303;коридорам;0;noun;бродит
13;201;успеху,;1;noun;идёт
13;228;депрессии,;1;noun;вышла
14;167;мышцы;1;noun;разогреть
14;288;разум;1;noun;потеряла
14;209;ресторана,;0;noun;вышла
14;245;стакан;0;noun;наполняет
14;228;машине,;0;noun;идёт
15;223;бюджет;1;noun;наполняет
15;226;ключи;0;noun;потеряла
16;224;мышцы;1;noun;разогреть
16;274;стакан;0;noun;наполняет
16;246;комнату;0;noun;вошли
16;276;ресторана,;0;noun;вышла
16;158;разум;1;noun;потеряла
16;227;Интернету;1;noun;бродит
17;178;коридорам;0;noun;бродит
17;205;бюджет;1;noun;наполняет
17;86;депрессии,;1;noun;вышла
17;118;ключи;0;noun;потеряла
17;190;масло;0;noun;разогреть
17;165;успеху,;1;noun;идёт
18;194;машине,;0;noun;идёт
18;314;Интернету;1;noun;бродит
18;247;разум;1;noun;потеряла
18;216;комнату;0;noun;вошли
18;72;мышцы;1;noun;разогреть
18;195;ресторана,;0;noun;вышла
18;244;стакан;0;noun;наполняет
19;259;ключи;0;noun;потеряла
19;400;коридорам;0;noun;бродит
19;252;масло;0;noun;разогреть
19;216;историю;1;noun;вошли
20;179;стакан;0;noun;наполняет
20;185;Интернету;1;noun;бродит
20;320;мышцы;1;noun;разогреть
20;213;машине,;0;noun;идёт
20;263;ресторана,;0;noun;вышла
20;233;разум;1;noun;потеряла
21;223;коридорам;0;noun;бродит
21;230;масло;0;noun;разогреть
21;154;бюджет;1;noun;наполняет
21;79;депрессии,;1;noun;вышла
21;162;историю;1;noun;вошли
22;211;стакан;0;noun;наполняет
22;241;Интернету;1;noun;бродит
22;260;мышцы;1;noun;разогреть
22;225;комнату;0;noun;вошли
22;81;машине,;0;noun;идёт
22;154;ресторана,;0;noun;вышла
22;290;разум;1;noun;потеряла
23;139;ключи;0;noun;потеряла
23;411;историю;1;noun;вошли
23;247;депрессии,;1;noun;вышла
23;218;бюджет;1;noun;наполняет
24;186;Интернету;1;noun;бродит
24;217;стакан;0;noun;наполняет
24;199;разум;1;noun;потеряла
24;114;мышцы;1;noun;разогреть
24;422;ресторана,;0;noun;вышла
24;184;машине,;0;noun;идёт
25;248;коридорам;0;noun;бродит
25;248;депрессии,;1;noun;вышла
25;203;бюджет;1;noun;наполняет
25;182;успеху,;1;noun;идёт
25;232;историю;1;noun;вошли
25;204;ключи;0;noun;потеряла
25;85;масло;0;noun;разогреть
26;130;комнату;0;noun;вошли
26;230;разум;1;noun;потеряла
26;203;стакан;0;noun;наполняет
26;76;мышцы;1;noun;разогреть
26;157;Интернету;1;noun;бродит
26;124;ресторана,;0;noun;вышла
26;179;машине,;0;noun;идёт
27;205;депрессии,;1;noun;вышла
27;186;историю;1;noun;вошли
27;211;бюджет;1;noun;наполняет
27;330;коридорам;0;noun;бродит
27;176;успеху,;1;noun;идёт
28;194;Интернету;1;noun;бродит
28;325;комнату;0;noun;вошли
28;246;машине,;0;noun;идёт
28;367;ресторана,;0;noun;вышла
28;215;стакан;0;noun;наполняет
29;198;коридорам;0;noun;бродит
29;189;депрессии,;1;noun;вышла
29;253;историю;1;noun;вошли
29;260;бюджет;1;noun;наполняет
29;134;ключи;0;noun;потеряла
29;168;успеху,;1;noun;идёт
29;189;масло;0;noun;разогреть
31;237;успеху,;1;noun;идёт
31;219;масло;0;noun;разогреть
31;213;бюджет;1;noun;наполняет
31;276;коридорам;0;noun;бродит
31;232;депрессии,;1;noun;вышла
31;238;ключи;0;noun;потеряла
31;238;историю;1;noun;вошли
32;163;комнату;0;noun;вошли
32;114;Интернету;1;noun;бродит
32;80;стакан;0;noun;наполняет
32;167;ресторана,;0;noun;вышла
32;120;мышцы;1;noun;разогреть
33;220;бюджет;1;noun;наполняет
33;149;депрессии,;1;noun;вышла
33;260;историю;1;noun;вошли
33;180;ключи;0;noun;потеряла
33;207;масло;0;noun;разогреть
34;153;комнату;0;noun;вошли
34;182;стакан;0;noun;наполняет
34;171;машине,;0;noun;идёт
34;157;разум;1;noun;потеряла
34;191;мышцы;1;noun;разогреть
34;129;ресторана,;0;noun;вышла
35;229;бюджет;1;noun;наполняет
35;125;успеху,;1;noun;идёт
35;198;депрессии,;1;noun;вышла
35;137;историю;1;noun;вошли
35;206;масло;0;noun;разогреть
35;197;коридорам;0;noun;бродит
35;177;ключи;0;noun;потеряла
36;208;мышцы;1;noun;разогреть
36;155;разум;1;noun;потеряла
36;223;ресторана,;0;noun;вышла
36;283;машине,;0;noun;идёт
36;134;комнату;0;noun;вошли
36;238;Интернету;1;noun;бродит
36;181;стакан;0;noun;наполняет
37;208;бюджет;1;noun;наполняет
37;218;успеху,;1;noun;идёт
37;249;масло;0;noun;разогреть
37;179;коридорам;0;noun;бродит
37;193;историю;1;noun;вошли
37;231;депрессии,;1;noun;вышла
39;196;масло;0;noun;разогреть
39;220;успеху,;1;noun;идёт
39;241;депрессии,;1;noun;вышла
39;178;ключи;0;noun;потеряла
39;180;бюджет;1;noun;наполняет
39;161;историю;1;noun;вошли
39;198;коридорам;0;noun;бродит
40;226;мышцы;1;noun;разогреть
40;215;машине,;0;noun;идёт
40;202;стакан;0;noun;наполняет
40;206;разум;1;noun;потеряла
40;231;комнату;0;noun;вошли
40;236;Интернету;1;noun;бродит
40;154;ресторана,;0;noun;вышла
41;116;коридорам;0;noun;бродит
41;175;историю;1;noun;вошли
41;182;депрессии,;1;noun;вышла
41;111;масло;0;noun;разогреть
41;98;ключи;0;noun;потеряла
42;157;ресторана,;0;noun;вышла
42;180;мышцы;1;noun;разогреть
42;187;комнату;0;noun;вошли
42;205;Интернету;1;noun;бродит
42;194;машине,;0;noun;идёт
42;230;разум;1;noun;потеряла
42;260;стакан;0;noun;наполняет
43;260;масло;0;noun;разогреть
43;250;ключи;0;noun;потеряла
43;219;успеху,;1;noun;идёт
43;292;коридорам;0;noun;бродит
43;198;бюджет;1;noun;наполняет
43;211;историю;1;noun;вошли
43;225;депрессии,;1;noun;вышла
44;176;ресторана,;0;noun;вышла
44;148;машине,;0;noun;идёт
44;196;Интернету;1;noun;бродит
45;191;историю;1;noun;вошли
45;251;масло;0;noun;разогреть
45;272;депрессии,;1;noun;вышла
45;221;бюджет;1;noun;наполняет
45;238;успеху,;1;noun;идёт
45;267;коридорам;0;noun;бродит
46;160;Интернету;1;noun;бродит
46;164;ресторана,;0;noun;вышла
46;144;комнату;0;noun;вошли
46;125;разум;1;noun;потеряла
46;208;машине,;0;noun;идёт
46;235;мышцы;1;noun;разогреть
47;179;бюджет;1;noun;наполняет
47;239;историю;1;noun;вошли
47;113;депрессии,;1;noun;вышла
47;257;коридорам;0;noun;бродит
47;311;масло;0;noun;разогреть
48;305;Интернету;1;noun;бродит
48;297;комнату;0;noun;вошли
48;227;разум;1;noun;потеряла
48;286;ресторана,;0;noun;вышла
48;252;стакан;0;noun;наполняет
48;164;машине,;0;noun;идёт
49 (1);173;ключи;0;noun;потеряла
49 (1);183;коридорам;0;noun;бродит
49 (1);183;бюджет;1;noun;наполняет
49 (1);195;масло;0;noun;разогреть
49 (1);168;успеху,;1;noun;идёт
49 (1);230;депрессии,;1;noun;вышла
50;242;разум;1;noun;потеряла
50;226;машине,;0;noun;идёт
50;189;Интернету;1;noun;бродит
50;202;стакан;0;noun;наполняет
50;144;комнату;0;noun;вошли
50;199;мышцы;1;noun;разогреть
50;161;ресторана,;0;noun;вышла
51;312;успеху,;1;noun;идёт
51;335;коридорам;0;noun;бродит
51;224;ключи;0;noun;потеряла
51;307;историю;1;noun;вошли
51;278;масло;0;noun;разогреть
51;298;бюджет;1;noun;наполняет
52;141;стакан;0;noun;наполняет
52;76;машине,;0;noun;идёт
52;236;Интернету;1;noun;бродит
52;165;комнату;0;noun;вошли
52;168;мышцы;1;noun;разогреть
52;202;ресторана,;0;noun;вышла
52;161;разум;1;noun;потеряла
53;203;историю;1;noun;вошли
53;172;бюджет;1;noun;наполняет
53;182;депрессии,;1;noun;вышла
53;170;коридорам;0;noun;бродит
53;245;успеху,;1;noun;идёт
53;254;ключи;0;noun;потеряла
53;220;масло;0;noun;разогреть
54;210;Интернету;1;noun;бродит
54;224;стакан;0;noun;наполняет
54;86;комнату;0;noun;вошли
54;218;ресторана,;0;noun;вышла
54;68;мышцы;1;noun;разогреть
54;185;разум;1;noun;потеряла
55;125;историю;1;noun;вошли
55;251;успеху,;1;noun;идёт
55;192;бюджет;1;noun;наполняет
55;82;депрессии,;1;noun;вышла
55;121;ключи;0;noun;потеряла
55;161;масло;0;noun;разогреть
55;64;коридорам;0;noun;бродит
56;254;ресторана,;0;noun;вышла
56;309;мышцы;1;noun;разогреть
56;221;комнату;0;noun;вошли
56;181;машине,;0;noun;идёт
56;211;Интернету;1;noun;бродит
57;237;бюджет;1;noun;наполняет
57;216;коридорам;0;noun;бродит
57;372;историю;1;noun;вошли
57;239;масло;0;noun;разогреть
58;182;Интернету;1;noun;бродит
58;150;мышцы;1;noun;разогреть
58;133;ресторана,;0;noun;вышла
58;191;машине,;0;noun;идёт
58;156;стакан;0;noun;наполняет
59;221;успеху,;1;noun;идёт
59;275;ключи;0;noun;потеряла
59;95;историю;1;noun;вошли
59;237;масло;0;noun;разогреть
59;195;коридорам;0;noun;бродит
60;256;стакан;0;noun;наполняет
60;221;ресторана,;0;noun;вышла
60;151;комнату;0;noun;вошли
60;216;Интернету;1;noun;бродит
60;153;мышцы;1;noun;разогреть
60;217;разум;1;noun;потеряла
60;205;машине,;0;noun;идёт
61;347;коридорам;0;noun;бродит
61;70;историю;1;noun;вошли
61;164;успеху,;1;noun;идёт
61;239;депрессии,;1;noun;вышла
61;285;бюджет;1;noun;наполняет
61;200;ключи;0;noun;потеряла
61;224;масло;0;noun;разогреть
63;154;коридорам;0;noun;бродит
63;204;бюджет;1;noun;наполняет
63;216;масло;0;noun;разогреть
63;206;депрессии,;1;noun;вышла
64;155;мышцы;1;noun;разогреть
64;210;стакан;0;noun;наполняет
64;111;машине,;0;noun;идёт
64;142;ресторана,;0;noun;вышла
64;292;разум;1;noun;потеряла
64;255;комнату;0;noun;вошли
64;210;стакан;0;noun;наполняет
64;111;машине,;0;noun;идёт
64;142;ресторана,;0;noun;вышла
64;292;разум;1;noun;потеряла
64;255;комнату;0;noun;вошли
