﻿RECORDING_SESSION_LABEL;IA_FIRST_RUN_DWELL_TIME;IA_LABEL;type;Word;verb
1;1168;близлежащем;2;common;крутит
1;229;который0;3;common;ведут
1;344;несмотря;3;common;принимать
1;266;который1;3;common;поднялся
1;295;которая;2;common;снял
1;61;строительство;3;common;дал
2;205;который2;3;common;снял
2;135;несмотря;2;common;принимать
2;189;строительство;2;common;дал
2;363;близлежащем;3;common;крутит
2;152;который0;2;common;ведут
2;176;уйти;3;common;взять
3;292;близлежащем;2;common;крутит
3;107;который1;3;common;поднялся
3;271;строительство;3;common;дал
3;238;который0;3;common;ведут
3;254;уйти;2;common;взять
3;239;которая;2;common;снял
3;347;несмотря;3;common;принимать
4;284;близлежащем;3;common;крутит
4;276;уйти;3;common;взять
4;189;который2;3;common;снял
4;160;который0;2;common;ведут
4;194;несмотря;2;common;принимать
4;175;который1;2;common;поднялся
4;280;строительство;2;common;дал
5;729;близлежащем;2;common;крутит
5;392;несмотря;3;common;принимать
5;216;который1;3;common;поднялся
5;732;строительство;3;common;дал
5;286;которая;2;common;снял
5;238;который0;3;common;ведут
6;261;несмотря;2;common;принимать
6;249;строительство;2;common;дал
6;238;близлежащем;3;common;крутит
7;263;который1;3;common;поднялся
7;227;которая;2;common;снял
7;457;близлежащем;2;common;крутит
7;257;который0;3;common;ведут
7;249;уйти;2;common;взять
7;441;строительство;3;common;дал
7;457;несмотря;3;common;принимать
8;244;который0;2;common;ведут
8;1285;близлежащем;3;common;крутит
8;272;уйти;3;common;взять
8;346;несмотря;2;common;принимать
8;337;который1;2;common;поднялся
8;291;который2;3;common;снял
8;409;строительство;2;common;дал
9;135;несмотря;3;common;принимать
9;301;строительство;3;common;дал
9;284;которая;2;common;снял
9;326;близлежащем;2;common;крутит
9;207;который1;3;common;поднялся
9;200;который0;3;common;ведут
9;189;уйти;2;common;взять
10;133;который1;2;common;поднялся
10;214;несмотря;2;common;принимать
10;187;который0;2;common;ведут
10;333;который2;3;common;снял
10;471;строительство;2;common;дал
10;721;близлежащем;3;common;крутит
11;183;которая;2;common;снял
11;224;несмотря;3;common;принимать
11;176;близлежащем;2;common;крутит
11;112;который1;3;common;поднялся
11;250;строительство;3;common;дал
12;153;который0;2;common;ведут
12;303;строительство;2;common;дал
12;152;несмотря;2;common;принимать
12;205;уйти;3;common;взять
12;238;близлежащем;3;common;крутит
12;190;который1;2;common;поднялся
13;252;строительство;3;common;дал
13;235;который0;3;common;ведут
13;238;уйти;2;common;взять
13;312;близлежащем;2;common;крутит
13;317;несмотря;3;common;принимать
13;276;который1;3;common;поднялся
14;749;строительство;2;common;дал
14;209;который0;2;common;ведут
14;559;близлежащем;3;common;крутит
14;222;уйти;3;common;взять
14;557;который2;3;common;снял
14;298;несмотря;2;common;принимать
14;206;который1;2;common;поднялся
15;213;близлежащем;2;common;крутит
15;275;строительство;3;common;дал
15;187;который0;3;common;ведут
15;215;уйти;2;common;взять
15;189;который1;3;common;поднялся
15;343;несмотря;3;common;принимать
16;245;который0;2;common;ведут
16;291;строительство;2;common;дал
16;411;близлежащем;3;common;крутит
16;187;уйти;3;common;взять
16;441;несмотря;2;common;принимать
16;258;который2;3;common;снял
16;253;который1;2;common;поднялся
17;191;близлежащем;2;common;крутит
17;105;который1;3;common;поднялся
17;156;который0;3;common;ведут
17;172;уйти;2;common;взять
17;197;строительство;3;common;дал
17;142;которая;2;common;снял
18;342;строительство;2;common;дал
18;287;уйти;3;common;взять
18;199;который1;2;common;поднялся
18;226;который2;3;common;снял
18;240;близлежащем;3;common;крутит
18;215;который0;2;common;ведут
18;182;несмотря;2;common;принимать
19;413;близлежащем;2;common;крутит
19;230;уйти;2;common;взять
19;199;который1;3;common;поднялся
19;281;несмотря;3;common;принимать
19;411;строительство;3;common;дал
19;239;который0;3;common;ведут
19;203;которая;2;common;снял
20;281;который2;3;common;снял
20;171;который0;2;common;ведут
20;457;близлежащем;3;common;крутит
20;289;уйти;3;common;взять
20;201;несмотря;2;common;принимать
20;197;который1;2;common;поднялся
21;175;который0;3;common;ведут
21;209;несмотря;3;common;принимать
21;188;близлежащем;2;common;крутит
21;87;который1;3;common;поднялся
21;516;строительство;3;common;дал
21;239;уйти;2;common;взять
21;168;которая;2;common;снял
22;255;несмотря;2;common;принимать
22;222;который1;2;common;поднялся
22;239;уйти;3;common;взять
22;385;строительство;2;common;дал
22;390;который0;2;common;ведут
22;189;близлежащем;3;common;крутит
22;246;который2;3;common;снял
23;596;строительство;3;common;дал
23;187;который1;3;common;поднялся
23;227;которая;2;common;снял
23;233;несмотря;3;common;принимать
23;448;близлежащем;2;common;крутит
23;289;который0;3;common;ведут
23;242;уйти;2;common;взять
24;179;который0;2;common;ведут
24;172;близлежащем;3;common;крутит
24;202;несмотря;2;common;принимать
24;152;который2;3;common;снял
24;177;строительство;2;common;дал
25;363;который1;3;common;поднялся
25;275;несмотря;3;common;принимать
25;731;близлежащем;2;common;крутит
25;235;уйти;2;common;взять
25;326;строительство;3;common;дал
25;237;которая;2;common;снял
25;61;который0;3;common;ведут
26;178;который0;2;common;ведут
26;626;близлежащем;3;common;крутит
26;344;строительство;2;common;дал
26;144;который2;3;common;снял
26;308;несмотря;2;common;принимать
26;201;который1;2;common;поднялся
27;277;несмотря;3;common;принимать
27;526;который0;3;common;ведут
27;174;строительство;3;common;дал
27;874;близлежащем;2;common;крутит
28;232;близлежащем;3;common;крутит
28;456;несмотря;2;common;принимать
28;165;уйти;3;common;взять
28;262;строительство;2;common;дал
28;162;который2;3;common;снял
29;191;строительство;3;common;дал
29;213;который0;3;common;ведут
29;199;которая;2;common;снял
29;226;который1;3;common;поднялся
29;229;несмотря;3;common;принимать
29;284;близлежащем;2;common;крутит
31;216;близлежащем;2;common;крутит
31;190;который0;3;common;ведут
31;304;которая;2;common;снял
31;261;строительство;3;common;дал
32;225;близлежащем;3;common;крутит
32;153;который1;2;common;поднялся
32;125;несмотря;2;common;принимать
32;210;уйти;3;common;взять
32;211;который2;3;common;снял
32;218;который0;2;common;ведут
32;189;строительство;2;common;дал
33;189;который0;3;common;ведут
33;215;которая;2;common;снял
33;278;строительство;3;common;дал
33;256;несмотря;3;common;принимать
33;208;который1;3;common;поднялся
33;293;близлежащем;2;common;крутит
33;456;уйти;2;common;взять
34;187;строительство;2;common;дал
34;294;несмотря;2;common;принимать
34;481;близлежащем;3;common;крутит
34;179;который1;2;common;поднялся
34;118;который2;3;common;снял
35;204;который1;3;common;поднялся
35;180;несмотря;3;common;принимать
35;241;строительство;3;common;дал
35;246;близлежащем;2;common;крутит
35;92;который0;3;common;ведут
36;276;уйти;3;common;взять
36;202;близлежащем;3;common;крутит
36;208;который0;2;common;ведут
36;366;несмотря;2;common;принимать
36;232;который2;3;common;снял
36;385;строительство;2;common;дал
36;182;который1;2;common;поднялся
37;230;несмотря;3;common;принимать
37;186;которая;2;common;снял
37;187;который1;3;common;поднялся
37;202;который0;3;common;ведут
37;203;уйти;2;common;взять
37;366;строительство;3;common;дал
37;428;близлежащем;2;common;крутит
39;270;уйти;2;common;взять
39;494;строительство;3;common;дал
39;114;который1;3;common;поднялся
39;836;близлежащем;2;common;крутит
39;372;которая;2;common;снял
39;394;несмотря;3;common;принимать
39;181;который0;3;common;ведут
40;274;несмотря;2;common;принимать
40;377;строительство;2;common;дал
40;634;близлежащем;3;common;крутит
40;341;который1;2;common;поднялся
40;134;который2;3;common;снял
40;189;уйти;3;common;взять
41;255;несмотря;3;common;принимать
41;183;который1;3;common;поднялся
41;167;который0;3;common;ведут
41;226;уйти;2;common;взять
41;172;близлежащем;2;common;крутит
41;169;которая;2;common;снял
41;358;строительство;3;common;дал
42;389;который1;2;common;поднялся
42;174;который2;3;common;снял
42;194;несмотря;2;common;принимать
42;177;строительство;2;common;дал
42;179;который0;2;common;ведут
42;519;близлежащем;3;common;крутит
43;223;который1;3;common;поднялся
43;270;несмотря;3;common;принимать
43;215;которая;2;common;снял
43;153;уйти;2;common;взять
43;208;который0;3;common;ведут
43;256;строительство;3;common;дал
44;186;который1;2;common;поднялся
44;134;строительство;2;common;дал
45;195;который0;3;common;ведут
45;155;который1;3;common;поднялся
45;218;которая;2;common;снял
45;350;близлежащем;2;common;крутит
45;424;несмотря;3;common;принимать
45;176;строительство;3;common;дал
46;238;который1;2;common;поднялся
46;351;несмотря;2;common;принимать
46;286;близлежащем;3;common;крутит
46;183;строительство;2;common;дал
47;219;близлежащем;2;common;крутит
47;130;которая;2;common;снял
47;168;который1;3;common;поднялся
47;169;строительство;3;common;дал
47;167;который0;3;common;ведут
48;254;уйти;3;common;взять
48;500;близлежащем;3;common;крутит
48;307;который0;2;common;ведут
48;272;который1;2;common;поднялся
48;304;строительство;2;common;дал
48;239;который2;3;common;снял
48;206;несмотря;2;common;принимать
49 (1);356;близлежащем;2;common;крутит
49 (1);227;строительство;3;common;дал
49 (1);216;несмотря;3;common;принимать
49 (1);156;уйти;2;common;взять
50;162;несмотря;2;common;принимать
50;329;который0;2;common;ведут
50;585;близлежащем;3;common;крутит
50;192;строительство;2;common;дал
50;166;который1;2;common;поднялся
50;240;который2;3;common;снял
51;246;который1;3;common;поднялся
51;482;близлежащем;2;common;крутит
51;262;который0;3;common;ведут
51;457;строительство;3;common;дал
51;383;уйти;2;common;взять
51;263;которая;2;common;снял
51;239;несмотря;3;common;принимать
52;309;строительство;2;common;дал
52;247;уйти;3;common;взять
52;213;который0;2;common;ведут
52;195;несмотря;2;common;принимать
52;192;который1;2;common;поднялся
52;387;близлежащем;3;common;крутит
52;153;который2;3;common;снял
53;437;близлежащем;2;common;крутит
53;354;строительство;3;common;дал
53;327;несмотря;3;common;принимать
53;282;уйти;2;common;взять
53;230;которая;2;common;снял
53;167;который0;3;common;ведут
54;198;который0;2;common;ведут
54;208;который1;2;common;поднялся
54;85;строительство;2;common;дал
54;161;несмотря;2;common;принимать
54;153;близлежащем;3;common;крутит
55;226;который1;3;common;поднялся
55;672;близлежащем;2;common;крутит
55;352;несмотря;3;common;принимать
55;307;уйти;2;common;взять
55;198;которая;2;common;снял
55;151;который0;3;common;ведут
55;267;строительство;3;common;дал
56;555;несмотря;2;common;принимать
56;266;близлежащем;3;common;крутит
56;270;строительство;2;common;дал
56;196;который1;2;common;поднялся
56;208;который0;2;common;ведут
57;407;близлежащем;2;common;крутит
57;228;который1;3;common;поднялся
57;183;несмотря;3;common;принимать
57;218;строительство;3;common;дал
57;242;который0;3;common;ведут
57;197;уйти;2;common;взять
58;181;который0;2;common;ведут
58;237;близлежащем;3;common;крутит
58;187;несмотря;2;common;принимать
58;171;строительство;2;common;дал
58;209;уйти;3;common;взять
59;244;близлежащем;2;common;крутит
59;119;уйти;2;common;взять
59;207;строительство;3;common;дал
59;217;который0;3;common;ведут
59;780;несмотря;3;common;принимать
60;204;который0;2;common;ведут
60;265;несмотря;2;common;принимать
60;287;который1;2;common;поднялся
60;414;строительство;2;common;дал
60;292;уйти;3;common;взять
60;247;который2;3;common;снял
60;262;близлежащем;3;common;крутит
61;102;строительство;3;common;дал
61;276;несмотря;3;common;принимать
61;233;который0;3;common;ведут
61;670;близлежащем;2;common;крутит
61;224;который1;3;common;поднялся
61;206;уйти;2;common;взять
61;243;которая;2;common;снял
63;208;который1;3;common;поднялся
63;219;строительство;3;common;дал
63;199;несмотря;3;common;принимать
63;213;который0;3;common;ведут
64;116;который1;2;common;поднялся
64;143;уйти;3;common;взять
64;209;близлежащем;3;common;крутит
64;217;строительство;2;common;дал
64;134;несмотря;2;common;принимать
64;76;который2;3;common;снял
64;228;который0;2;common;ведут
64;217;строительство;2;common;дал
64;134;несмотря;2;common;принимать
64;76;который2;3;common;снял
64;228;который0;2;common;ведут
