﻿RECORDING_SESSION_LABEL;IA_FIRST_RUN_DWELL_TIME;IA_LABEL;type;Word;verb
1;215;обручи;2;noun;крутит
1;69;ислам;3;noun;принимать
2;352;запрет,;3;noun;снял
2;157;товар;2;noun;принимать
2;131;деньги;2;noun;дал
2;194;романы;3;noun;крутит
2;142;человека,;2;noun;ведут
2;145;паузу;3;noun;взять
3;267;обручи;2;noun;крутит
3;306;приказ;3;noun;дал
3;318;книгу;2;noun;взять
3;117;куртку,;2;noun;снял
3;312;ислам;3;noun;принимать
4;79;паузу;3;noun;взять
4;270;запрет,;3;noun;снял
4;279;товар;2;noun;принимать
4;184;флаг,;2;noun;поднялся
5;276;обручи;2;noun;крутит
5;154;ислам;3;noun;принимать
5;266;книгу;2;noun;взять
5;116;крик,;3;noun;поднялся
5;170;приказ;3;noun;дал
5;202;куртку,;2;noun;снял
5;247;разговор,;3;noun;ведут
6;157;человека,;2;noun;ведут
6;187;товар;2;noun;принимать
6;308;деньги;2;noun;дал
6;225;романы;3;noun;крутит
6;205;флаг,;2;noun;поднялся
7;150;крик,;3;noun;поднялся
7;371;обручи;2;noun;крутит
7;253;книгу;2;noun;взять
7;170;приказ;3;noun;дал
7;293;ислам;3;noun;принимать
8;294;человека,;2;noun;ведут
8;292;романы;3;noun;крутит
8;290;паузу;3;noun;взять
8;181;товар;2;noun;принимать
8;286;флаг,;2;noun;поднялся
8;178;запрет,;3;noun;снял
9;232;ислам;3;noun;принимать
9;302;приказ;3;noun;дал
9;163;куртку,;2;noun;снял
9;212;обручи;2;noun;крутит
9;192;крик,;3;noun;поднялся
9;135;разговор,;3;noun;ведут
9;221;книгу;2;noun;взять
10;214;флаг,;2;noun;поднялся
10;256;товар;2;noun;принимать
10;237;паузу;3;noun;взять
10;512;человека,;2;noun;ведут
10;206;запрет,;3;noun;снял
10;259;деньги;2;noun;дал
10;270;романы;3;noun;крутит
11;245;куртку,;2;noun;снял
11;116;ислам;3;noun;принимать
11;151;обручи;2;noun;крутит
11;199;разговор,;3;noun;ведут
11;154;книгу;2;noun;взять
11;133;приказ;3;noun;дал
12;398;запрет,;3;noun;снял
12;142;человека,;2;noun;ведут
12;147;деньги;2;noun;дал
12;240;паузу;3;noun;взять
12;155;флаг,;2;noun;поднялся
13;240;приказ;3;noun;дал
13;226;разговор,;3;noun;ведут
13;187;книгу;2;noun;взять
13;341;куртку,;2;noun;снял
13;217;обручи;2;noun;крутит
13;253;ислам;3;noun;принимать
14;256;деньги;2;noun;дал
14;283;человека,;2;noun;ведут
14;263;романы;3;noun;крутит
14;280;паузу;3;noun;взять
14;172;запрет,;3;noun;снял
14;215;товар;2;noun;принимать
14;84;флаг,;2;noun;поднялся
15;245;куртку,;2;noun;снял
15;190;обручи;2;noun;крутит
15;210;приказ;3;noun;дал
15;129;разговор,;3;noun;ведут
15;189;крик,;3;noun;поднялся
15;182;ислам;3;noun;принимать
16;157;человека,;2;noun;ведут
16;309;романы;3;noun;крутит
16;256;паузу;3;noun;взять
16;164;товар;2;noun;принимать
16;237;запрет,;3;noun;снял
17;196;ислам;3;noun;принимать
17;450;обручи;2;noun;крутит
17;240;крик,;3;noun;поднялся
17;180;разговор,;3;noun;ведут
17;134;книгу;2;noun;взять
17;122;приказ;3;noun;дал
17;142;куртку,;2;noun;снял
18;97;деньги;2;noun;дал
18;211;паузу;3;noun;взять
18;72;запрет,;3;noun;снял
18;268;романы;3;noun;крутит
18;567;человека,;2;noun;ведут
18;189;товар;2;noun;принимать
19;142;книгу;2;noun;взять
19;140;крик,;3;noun;поднялся
19;353;ислам;3;noun;принимать
19;180;разговор,;3;noun;ведут
20;126;запрет,;3;noun;снял
20;251;человека,;2;noun;ведут
20;244;романы;3;noun;крутит
20;198;паузу;3;noun;взять
20;264;деньги;2;noun;дал
20;219;товар;2;noun;принимать
20;190;флаг,;2;noun;поднялся
21;215;разговор,;3;noun;ведут
21;218;ислам;3;noun;принимать
21;176;обручи;2;noun;крутит
21;184;книгу;2;noun;взять
22;191;товар;2;noun;принимать
22;275;флаг,;2;noun;поднялся
22;311;паузу;3;noun;взять
22;174;деньги;2;noun;дал
22;126;романы;3;noun;крутит
22;199;запрет,;3;noun;снял
23;651;приказ;3;noun;дал
23;134;крик,;3;noun;поднялся
23;328;куртку,;2;noun;снял
23;342;ислам;3;noun;принимать
23;277;обручи;2;noun;крутит
23;241;разговор,;3;noun;ведут
23;97;книгу;2;noun;взять
24;197;человека,;2;noun;ведут
24;274;романы;3;noun;крутит
24;138;флаг,;2;noun;поднялся
24;188;деньги;2;noun;дал
24;163;паузу;3;noun;взять
25;121;крик,;3;noun;поднялся
25;220;ислам;3;noun;принимать
25;382;обручи;2;noun;крутит
25;277;книгу;2;noun;взять
25;142;приказ;3;noun;дал
25;153;куртку,;2;noun;снял
26;372;человека,;2;noun;ведут
26;140;романы;3;noun;крутит
26;403;запрет,;3;noun;снял
26;178;товар;2;noun;принимать
26;167;флаг,;2;noun;поднялся
26;211;паузу;3;noun;взять
27;227;книгу;2;noun;взять
27;118;ислам;3;noun;принимать
27;189;крик,;3;noun;поднялся
27;206;куртку,;2;noun;снял
27;210;приказ;3;noun;дал
27;374;обручи;2;noun;крутит
28;132;человека,;2;noun;ведут
28;111;романы;3;noun;крутит
28;105;товар;2;noun;принимать
28;379;флаг,;2;noun;поднялся
28;194;деньги;2;noun;дал
28;65;запрет,;3;noun;снял
29;217;разговор,;3;noun;ведут
29;171;куртку,;2;noun;снял
29;256;крик,;3;noun;поднялся
29;277;ислам;3;noun;принимать
29;265;обручи;2;noun;крутит
31;256;обручи;2;noun;крутит
31;172;крик,;3;noun;поднялся
31;238;разговор,;3;noun;ведут
31;226;куртку,;2;noun;снял
31;291;приказ;3;noun;дал
32;168;романы;3;noun;крутит
32;102;флаг,;2;noun;поднялся
32;211;товар;2;noun;принимать
32;196;паузу;3;noun;взять
32;142;запрет,;3;noun;снял
32;171;человека,;2;noun;ведут
32;356;деньги;2;noun;дал
33;200;разговор,;3;noun;ведут
33;262;куртку,;2;noun;снял
33;207;ислам;3;noun;принимать
33;190;обручи;2;noun;крутит
34;243;деньги;2;noun;дал
34;159;человека,;2;noun;ведут
34;160;товар;2;noun;принимать
34;156;романы;3;noun;крутит
34;194;запрет,;3;noun;снял
35;336;крик,;3;noun;поднялся
35;284;ислам;3;noun;принимать
35;224;приказ;3;noun;дал
35;114;куртку,;2;noun;снял
35;133;книгу;2;noun;взять
35;224;обручи;2;noun;крутит
35;129;разговор,;3;noun;ведут
36;165;романы;3;noun;крутит
36;131;запрет,;3;noun;снял
36;189;деньги;2;noun;дал
37;364;ислам;3;noun;принимать
37;238;куртку,;2;noun;снял
37;166;крик,;3;noun;поднялся
37;115;разговор,;3;noun;ведут
37;193;книгу;2;noun;взять
37;239;приказ;3;noun;дал
37;245;обручи;2;noun;крутит
39;198;книгу;2;noun;взять
39;349;приказ;3;noun;дал
39;347;крик,;3;noun;поднялся
39;389;обручи;2;noun;крутит
39;399;куртку,;2;noun;снял
39;213;ислам;3;noun;принимать
39;274;разговор,;3;noun;ведут
40;175;товар;2;noun;принимать
40;217;деньги;2;noun;дал
40;261;романы;3;noun;крутит
40;156;запрет,;3;noun;снял
40;170;паузу;3;noun;взять
41;201;ислам;3;noun;принимать
41;148;разговор,;3;noun;ведут
41;217;обручи;2;noun;крутит
41;333;приказ;3;noun;дал
42;308;запрет,;3;noun;снял
42;337;товар;2;noun;принимать
42;175;деньги;2;noun;дал
42;160;паузу;3;noun;взять
42;161;человека,;2;noun;ведут
42;296;романы;3;noun;крутит
43;268;крик,;3;noun;поднялся
43;236;ислам;3;noun;принимать
43;211;куртку,;2;noun;снял
43;144;книгу;2;noun;взять
43;478;разговор,;3;noun;ведут
43;160;приказ;3;noun;дал
44;143;паузу;3;noun;взять
44;141;деньги;2;noun;дал
44;202;человека,;2;noun;ведут
44;239;запрет,;3;noun;снял
45;203;разговор,;3;noun;ведут
45;330;крик,;3;noun;поднялся
45;197;книгу;2;noun;взять
45;191;куртку,;2;noun;снял
45;207;обручи;2;noun;крутит
45;261;приказ;3;noun;дал
46;186;человека,;2;noun;ведут
46;230;паузу;3;noun;взять
46;267;романы;3;noun;крутит
46;246;запрет,;3;noun;снял
47;130;ислам;3;noun;принимать
47;313;обручи;2;noun;крутит
47;150;приказ;3;noun;дал
47;139;разговор,;3;noun;ведут
48;205;паузу;3;noun;взять
48;236;романы;3;noun;крутит
48;276;человека,;2;noun;ведут
48;139;флаг,;2;noun;поднялся
48;337;деньги;2;noun;дал
48;163;запрет,;3;noun;снял
48;174;товар;2;noun;принимать
49 (1);168;разговор,;3;noun;ведут
49 (1);247;куртку,;2;noun;снял
49 (1);220;обручи;2;noun;крутит
49 (1);239;приказ;3;noun;дал
49 (1);174;ислам;3;noun;принимать
49 (1);216;крик,;3;noun;поднялся
50;207;товар;2;noun;принимать
50;171;человека,;2;noun;ведут
50;117;романы;3;noun;крутит
50;142;деньги;2;noun;дал
50;178;паузу;3;noun;взять
50;174;флаг,;2;noun;поднялся
50;555;запрет,;3;noun;снял
51;170;обручи;2;noun;крутит
51;256;разговор,;3;noun;ведут
51;172;приказ;3;noun;дал
51;600;ислам;3;noun;принимать
52;146;паузу;3;noun;взять
52;222;человека,;2;noun;ведут
52;374;товар;2;noun;принимать
52;157;флаг,;2;noun;поднялся
52;217;запрет,;3;noun;снял
53;278;обручи;2;noun;крутит
53;364;приказ;3;noun;дал
53;221;ислам;3;noun;принимать
53;179;крик,;3;noun;поднялся
53;270;книгу;2;noun;взять
53;387;куртку,;2;noun;снял
53;242;разговор,;3;noun;ведут
54;182;человека,;2;noun;ведут
54;154;романы;3;noun;крутит
54;184;запрет,;3;noun;снял
55;111;крик,;3;noun;поднялся
55;394;обручи;2;noun;крутит
55;220;ислам;3;noun;принимать
55;174;книгу;2;noun;взять
55;133;куртку,;2;noun;снял
55;110;разговор,;3;noun;ведут
56;586;запрет,;3;noun;снял
56;360;романы;3;noun;крутит
56;419;деньги;2;noun;дал
56;266;флаг,;2;noun;поднялся
56;265;паузу;3;noun;взять
56;268;человека,;2;noun;ведут
57;352;куртку,;2;noun;снял
57;203;приказ;3;noun;дал
58;172;романы;3;noun;крутит
58;155;запрет,;3;noun;снял
58;186;деньги;2;noun;дал
58;199;паузу;3;noun;взять
59;452;куртку,;2;noun;снял
59;227;обручи;2;noun;крутит
59;207;книгу;2;noun;взять
59;73;приказ;3;noun;дал
59;251;разговор,;3;noun;ведут
59;181;крик,;3;noun;поднялся
60;210;человека,;2;noun;ведут
60;280;товар;2;noun;принимать
60;347;деньги;2;noun;дал
60;212;паузу;3;noun;взять
60;179;запрет,;3;noun;снял
60;725;романы;3;noun;крутит
61;421;ислам;3;noun;принимать
61;191;разговор,;3;noun;ведут
61;242;обручи;2;noun;крутит
61;109;крик,;3;noun;поднялся
61;166;книгу;2;noun;взять
61;264;куртку,;2;noun;снял
63;294;куртку,;2;noun;снял
63;206;приказ;3;noun;дал
63;186;ислам;3;noun;принимать
63;212;разговор,;3;noun;ведут
64;203;флаг,;2;noun;поднялся
64;186;паузу;3;noun;взять
64;173;деньги;2;noun;дал
64;399;товар;2;noun;принимать
64;164;запрет,;3;noun;снял
64;239;человека,;2;noun;ведут
64;173;деньги;2;noun;дал
64;399;товар;2;noun;принимать
64;164;запрет,;3;noun;снял
64;239;человека,;2;noun;ведут
