﻿RECORDING_SESSION_LABEL;IA_DWELL_TIME;IA_LABEL;type;Word;verb
1;329;буквально;0;common;потеряла
1;171;российского;1;common;вошли
1;90;который3;1;common;идёт
1;231;очень;1;common;наполнять
1;1192;поисках;0;common;бродит
1;315;перед;0;common;разогреть
2;155;буквально;1;common;потеряла
2;185;которую;0;common;идёт
2;163;котором;0;common;вышла
2;212;поисках;1;common;бродит
2;182;российского;0;common;вошли
2;177;перед;1;common;разогреть
3;265;поисках;0;common;бродит
3;276;российского;1;common;вошли
3;144;перед;0;common;разогреть
3;326;буквально;0;common;потеряла
3;279;который3;1;common;идёт
3;238;которой;1;common;вышла
4;177;буквально;1;common;потеряла
4;198;российского;0;common;вошли
4;292;очень;0;common;наполнять
4;329;поисках;1;common;бродит
4;213;котором;0;common;вышла
4;225;которую;0;common;идёт
5;326;очень;1;common;наполнять
5;402;поисках;0;common;бродит
5;350;российского;1;common;вошли
5;204;буквально;0;common;потеряла
5;514;который3;1;common;идёт
5;226;которой;1;common;вышла
5;155;перед;0;common;разогреть
6;301;буквально;1;common;потеряла
6;215;поисках;1;common;бродит
6;191;перед;1;common;разогреть
6;230;российского;0;common;вошли
6;438;которую;0;common;идёт
6;208;котором;0;common;вышла
6;346;очень;0;common;наполнять
7;329;российского;1;common;вошли
7;167;перед;0;common;разогреть
7;162;который3;1;common;идёт
7;372;которой;1;common;вышла
7;251;поисках;0;common;бродит
7;346;буквально;0;common;потеряла
8;289;котором;0;common;вышла
8;371;российского;0;common;вошли
8;253;буквально;1;common;потеряла
8;398;поисках;1;common;бродит
8;362;очень;0;common;наполнять
8;412;которую;0;common;идёт
9;309;буквально;0;common;потеряла
9;413;который3;1;common;идёт
9;186;российского;1;common;вошли
9;129;которой;1;common;вышла
9;126;очень;1;common;наполнять
9;242;поисках;0;common;бродит
10;271;перед;1;common;разогреть
10;232;которую;0;common;идёт
10;228;котором;0;common;вышла
10;212;российского;0;common;вошли
10;354;буквально;1;common;потеряла
10;319;поисках;1;common;бродит
10;210;очень;0;common;наполнять
11;225;буквально;0;common;потеряла
11;229;поисках;0;common;бродит
11;142;которой;1;common;вышла
11;205;российского;1;common;вошли
11;136;очень;1;common;наполнять
11;176;который3;1;common;идёт
12;160;перед;1;common;разогреть
12;171;котором;0;common;вышла
12;159;российского;0;common;вошли
12;301;которую;0;common;идёт
12;285;буквально;1;common;потеряла
12;328;поисках;1;common;бродит
13;237;буквально;0;common;потеряла
13;226;российского;1;common;вошли
13;246;перед;0;common;разогреть
13;373;поисках;0;common;бродит
13;212;который3;1;common;идёт
13;192;которой;1;common;вышла
14;253;поисках;1;common;бродит
14;263;буквально;1;common;потеряла
14;336;котором;0;common;вышла
14;271;российского;0;common;вошли
14;188;которую;0;common;идёт
15;745;буквально;0;common;потеряла
15;217;которой;1;common;вышла
15;347;перед;0;common;разогреть
15;192;который3;1;common;идёт
15;250;поисках;0;common;бродит
15;344;российского;1;common;вошли
16;119;перед;1;common;разогреть
16;189;очень;0;common;наполнять
16;333;которую;0;common;идёт
16;213;российского;0;common;вошли
16;241;котором;0;common;вышла
16;258;буквально;1;common;потеряла
16;316;поисках;1;common;бродит
17;136;поисках;0;common;бродит
17;84;очень;1;common;наполнять
17;163;которой;1;common;вышла
17;182;буквально;0;common;потеряла
17;313;российского;1;common;вошли
17;142;перед;0;common;разогреть
17;189;который3;1;common;идёт
18;219;которую;0;common;идёт
18;143;поисках;1;common;бродит
18;222;буквально;1;common;потеряла
18;226;российского;0;common;вошли
18;233;перед;1;common;разогреть
18;243;котором;0;common;вышла
18;179;очень;0;common;наполнять
19;448;которой;1;common;вышла
19;229;буквально;0;common;потеряла
19;194;очень;1;common;наполнять
19;369;поисках;0;common;бродит
19;287;перед;0;common;разогреть
19;337;российского;1;common;вошли
19;286;который3;1;common;идёт
20;212;очень;0;common;наполнять
20;337;поисках;1;common;бродит
20;340;российского;0;common;вошли
20;195;перед;1;common;разогреть
20;209;которую;0;common;идёт
20;146;котором;0;common;вышла
20;275;буквально;1;common;потеряла
21;144;поисках;0;common;бродит
21;145;который3;1;common;идёт
21;176;очень;1;common;наполнять
21;207;которой;1;common;вышла
21;153;буквально;0;common;потеряла
21;156;российского;1;common;вошли
22;163;очень;0;common;наполнять
22;235;поисках;1;common;бродит
22;389;российского;0;common;вошли
22;425;которую;0;common;идёт
22;200;буквально;1;common;потеряла
23;315;поисках;0;common;бродит
23;269;перед;0;common;разогреть
23;258;буквально;0;common;потеряла
23;193;который3;1;common;идёт
23;266;российского;1;common;вошли
23;252;которой;1;common;вышла
23;230;очень;1;common;наполнять
24;285;поисках;1;common;бродит
24;164;очень;0;common;наполнять
24;199;перед;1;common;разогреть
24;175;котором;0;common;вышла
24;139;которую;0;common;идёт
24;171;российского;0;common;вошли
25;250;поисках;0;common;бродит
25;216;которой;1;common;вышла
25;286;очень;1;common;наполнять
25;166;который3;1;common;идёт
25;424;российского;1;common;вошли
25;438;буквально;0;common;потеряла
25;179;перед;0;common;разогреть
26;303;российского;0;common;вошли
26;300;буквально;1;common;потеряла
26;483;очень;0;common;наполнять
26;178;перед;1;common;разогреть
26;259;поисках;1;common;бродит
26;195;котором;0;common;вышла
26;211;которую;0;common;идёт
27;240;которой;1;common;вышла
27;643;российского;1;common;вошли
27;229;буквально;0;common;потеряла
27;318;поисках;0;common;бродит
27;139;который3;1;common;идёт
27;239;перед;0;common;разогреть
28;154;перед;1;common;разогреть
28;369;поисках;1;common;бродит
28;219;российского;0;common;вошли
28;123;которую;0;common;идёт
28;225;котором;0;common;вышла
28;203;очень;0;common;наполнять
29;237;поисках;0;common;бродит
29;228;которой;1;common;вышла
29;179;российского;1;common;вошли
29;165;очень;1;common;наполнять
29;217;буквально;0;common;потеряла
29;169;который3;1;common;идёт
29;185;перед;0;common;разогреть
31;221;который3;1;common;идёт
31;235;поисках;0;common;бродит
31;194;которой;1;common;вышла
31;323;буквально;0;common;потеряла
31;135;российского;1;common;вошли
32;422;российского;0;common;вошли
32;262;буквально;1;common;потеряла
32;214;поисках;1;common;бродит
32;223;очень;0;common;наполнять
32;216;которую;0;common;идёт
32;442;котором;0;common;вышла
32;138;перед;1;common;разогреть
33;387;очень;1;common;наполнять
33;264;которой;1;common;вышла
33;199;поисках;0;common;бродит
33;192;который3;1;common;идёт
33;248;российского;1;common;вошли
33;215;буквально;0;common;потеряла
33;264;перед;0;common;разогреть
34;199;российского;0;common;вошли
34;210;очень;0;common;наполнять
34;192;которую;0;common;идёт
34;457;буквально;1;common;потеряла
34;168;перед;1;common;разогреть
34;335;поисках;1;common;бродит
34;229;котором;0;common;вышла
35;381;очень;1;common;наполнять
35;83;который3;1;common;идёт
35;131;которой;1;common;вышла
35;385;российского;1;common;вошли
35;403;перед;0;common;разогреть
35;420;поисках;0;common;бродит
35;665;буквально;0;common;потеряла
36;210;перед;1;common;разогреть
36;206;буквально;1;common;потеряла
36;178;котором;0;common;вышла
36;191;которую;0;common;идёт
36;211;российского;0;common;вошли
36;196;поисках;1;common;бродит
37;176;очень;1;common;наполнять
37;230;который3;1;common;идёт
37;256;перед;0;common;разогреть
37;254;буквально;0;common;потеряла
37;399;поисках;0;common;бродит
37;683;российского;1;common;вошли
37;217;которой;1;common;вышла
39;204;перед;0;common;разогреть
39;390;который3;1;common;идёт
39;176;которой;1;common;вышла
39;298;буквально;0;common;потеряла
39;317;очень;1;common;наполнять
39;470;российского;1;common;вошли
39;241;поисках;0;common;бродит
40;154;перед;1;common;разогреть
40;325;которую;0;common;идёт
40;168;очень;0;common;наполнять
40;313;буквально;1;common;потеряла
40;209;российского;0;common;вошли
40;634;поисках;1;common;бродит
40;283;котором;0;common;вышла
41;294;поисках;0;common;бродит
41;200;очень;1;common;наполнять
41;203;который3;1;common;идёт
41;129;российского;1;common;вошли
41;219;которой;1;common;вышла
41;154;перед;0;common;разогреть
42;194;котором;0;common;вышла
42;167;перед;1;common;разогреть
42;233;российского;0;common;вошли
42;333;поисках;1;common;бродит
42;222;которую;0;common;идёт
42;196;буквально;1;common;потеряла
42;304;очень;0;common;наполнять
43;165;перед;0;common;разогреть
43;182;буквально;0;common;потеряла
43;284;который3;1;common;идёт
43;253;поисках;0;common;бродит
43;226;очень;1;common;наполнять
43;192;российского;1;common;вошли
43;218;которой;1;common;вышла
44;143;котором;0;common;вышла
44;315;которую;0;common;идёт
44;226;поисках;1;common;бродит
45;217;российского;1;common;вошли
45;185;перед;0;common;разогреть
45;211;буквально;0;common;потеряла
45;215;которой;1;common;вышла
45;205;очень;1;common;наполнять
45;247;который3;1;common;идёт
45;226;поисках;0;common;бродит
46;851;поисках;1;common;бродит
46;109;котором;0;common;вышла
46;171;российского;0;common;вошли
46;388;буквально;1;common;потеряла
46;160;которую;0;common;идёт
46;153;перед;1;common;разогреть
46;206;очень;0;common;наполнять
47;237;который3;1;common;идёт
47;156;российского;1;common;вошли
47;174;которой;1;common;вышла
47;158;поисках;0;common;бродит
47;152;буквально;0;common;потеряла
48;363;поисках;1;common;бродит
48;333;перед;1;common;разогреть
48;338;российского;0;common;вошли
48;333;буквально;1;common;потеряла
48;210;котором;0;common;вышла
48;428;очень;0;common;наполнять
48;305;которую;0;common;идёт
49 (1);347;буквально;0;common;потеряла
49 (1);391;поисках;0;common;бродит
49 (1);121;перед;0;common;разогреть
49 (1);304;российского;1;common;вошли
49 (1);113;который3;1;common;идёт
50;299;буквально;1;common;потеряла
50;176;которую;0;common;идёт
50;206;поисках;1;common;бродит
50;150;очень;0;common;наполнять
50;157;российского;0;common;вошли
50;196;перед;1;common;разогреть
50;215;котором;0;common;вышла
51;238;который3;1;common;идёт
51;399;поисках;0;common;бродит
51;515;которой;1;common;вышла
51;193;буквально;0;common;потеряла
51;455;российского;1;common;вошли
51;202;перед;0;common;разогреть
52;148;очень;0;common;наполнять
52;202;поисках;1;common;бродит
52;228;российского;0;common;вошли
52;166;перед;1;common;разогреть
52;227;котором;0;common;вышла
52;197;буквально;1;common;потеряла
53;203;российского;1;common;вошли
53;291;очень;1;common;наполнять
53;318;которой;1;common;вышла
53;272;поисках;0;common;бродит
53;221;который3;1;common;идёт
53;503;буквально;0;common;потеряла
53;156;перед;0;common;разогреть
54;167;поисках;1;common;бродит
54;241;очень;0;common;наполнять
54;143;которую;0;common;идёт
54;185;котором;0;common;вышла
54;100;буквально;1;common;потеряла
55;277;российского;1;common;вошли
55;455;который3;1;common;идёт
55;215;очень;1;common;наполнять
55;229;которой;1;common;вышла
55;243;буквально;0;common;потеряла
55;234;перед;0;common;разогреть
55;118;поисках;0;common;бродит
56;244;российского;0;common;вошли
56;230;буквально;1;common;потеряла
56;182;поисках;1;common;бродит
56;176;очень;0;common;наполнять
57;248;который3;1;common;идёт
57;191;очень;1;common;наполнять
57;737;поисках;0;common;бродит
57;311;буквально;0;common;потеряла
57;213;которой;1;common;вышла
57;545;российского;1;common;вошли
58;274;поисках;1;common;бродит
58;144;российского;0;common;вошли
58;176;буквально;1;common;потеряла
58;171;котором;0;common;вышла
58;497;которую;0;common;идёт
59;440;очень;1;common;наполнять
59;165;который3;1;common;идёт
59;167;буквально;0;common;потеряла
59;381;российского;1;common;вошли
59;237;перед;0;common;разогреть
59;233;поисках;0;common;бродит
60;216;очень;0;common;наполнять
60;200;котором;0;common;вышла
60;252;российского;0;common;вошли
60;315;поисках;1;common;бродит
60;247;перед;1;common;разогреть
60;285;буквально;1;common;потеряла
60;135;которую;0;common;идёт
61;321;поисках;0;common;бродит
61;351;российского;1;common;вошли
61;253;который3;1;common;идёт
61;245;которой;1;common;вышла
61;245;очень;1;common;наполнять
61;240;буквально;0;common;потеряла
61;385;перед;0;common;разогреть
63;295;поисках;0;common;бродит
63;126;очень;1;common;наполнять
63;354;буквально;0;common;потеряла
64;145;перед;1;common;разогреть
64;419;которую;0;common;идёт
64;136;котором;0;common;вышла
64;209;буквально;1;common;потеряла
64;323;российского;0;common;вошли
64;419;которую;0;common;идёт
64;136;котором;0;common;вышла
64;209;буквально;1;common;потеряла
64;323;российского;0;common;вошли
