﻿RECORDING_SESSION_LABEL;IA_FIRST_FIXATION_DURATION;IA_LABEL;type;Word
1;215;обручи;2;noun
1;69;ислам;3;noun
2;200;запрет,;3;noun
2;157;товар;2;noun
2;131;деньги;2;noun
2;194;романы;3;noun
2;142;человека,;2;noun
2;145;паузу;3;noun
3;267;обручи;2;noun
3;306;приказ;3;noun
3;318;книгу;2;noun
3;117;куртку,;2;noun
3;312;ислам;3;noun
4;79;паузу;3;noun
4;270;запрет,;3;noun
4;279;товар;2;noun
4;184;флаг,;2;noun
5;276;обручи;2;noun
5;154;ислам;3;noun
5;266;книгу;2;noun
5;116;крик,;3;noun
5;170;приказ;3;noun
5;202;куртку,;2;noun
5;247;разговор,;3;noun
6;157;человека,;2;noun
6;187;товар;2;noun
6;308;деньги;2;noun
6;225;романы;3;noun
6;205;флаг,;2;noun
7;150;крик,;3;noun
7;371;обручи;2;noun
7;253;книгу;2;noun
7;170;приказ;3;noun
7;293;ислам;3;noun
8;222;человека,;2;noun
8;292;романы;3;noun
8;290;паузу;3;noun
8;181;товар;2;noun
8;286;флаг,;2;noun
8;178;запрет,;3;noun
9;232;ислам;3;noun
9;302;приказ;3;noun
9;163;куртку,;2;noun
9;212;обручи;2;noun
9;192;крик,;3;noun
9;135;разговор,;3;noun
9;221;книгу;2;noun
10;214;флаг,;2;noun
10;256;товар;2;noun
10;237;паузу;3;noun
10;512;человека,;2;noun
10;206;запрет,;3;noun
10;259;деньги;2;noun
10;270;романы;3;noun
11;245;куртку,;2;noun
11;116;ислам;3;noun
11;151;обручи;2;noun
11;199;разговор,;3;noun
11;154;книгу;2;noun
11;133;приказ;3;noun
12;398;запрет,;3;noun
12;142;человека,;2;noun
12;147;деньги;2;noun
12;240;паузу;3;noun
12;155;флаг,;2;noun
13;240;приказ;3;noun
13;226;разговор,;3;noun
13;187;книгу;2;noun
13;341;куртку,;2;noun
13;217;обручи;2;noun
13;253;ислам;3;noun
14;256;деньги;2;noun
14;283;человека,;2;noun
14;263;романы;3;noun
14;280;паузу;3;noun
14;172;запрет,;3;noun
14;215;товар;2;noun
14;84;флаг,;2;noun
15;245;куртку,;2;noun
15;190;обручи;2;noun
15;210;приказ;3;noun
15;129;разговор,;3;noun
15;189;крик,;3;noun
15;182;ислам;3;noun
16;157;человека,;2;noun
16;309;романы;3;noun
16;256;паузу;3;noun
16;164;товар;2;noun
16;237;запрет,;3;noun
17;196;ислам;3;noun
17;450;обручи;2;noun
17;140;крик,;3;noun
17;180;разговор,;3;noun
17;134;книгу;2;noun
17;122;приказ;3;noun
17;142;куртку,;2;noun
18;97;деньги;2;noun
18;211;паузу;3;noun
18;72;запрет,;3;noun
18;268;романы;3;noun
18;567;человека,;2;noun
18;189;товар;2;noun
19;142;книгу;2;noun
19;140;крик,;3;noun
19;353;ислам;3;noun
19;180;разговор,;3;noun
20;126;запрет,;3;noun
20;65;человека,;2;noun
20;244;романы;3;noun
20;198;паузу;3;noun
20;264;деньги;2;noun
20;219;товар;2;noun
20;190;флаг,;2;noun
21;215;разговор,;3;noun
21;218;ислам;3;noun
21;176;обручи;2;noun
21;184;книгу;2;noun
22;191;товар;2;noun
22;275;флаг,;2;noun
22;311;паузу;3;noun
22;174;деньги;2;noun
22;126;романы;3;noun
22;199;запрет,;3;noun
23;510;приказ;3;noun
23;134;крик,;3;noun
23;328;куртку,;2;noun
23;163;ислам;3;noun
23;277;обручи;2;noun
23;241;разговор,;3;noun
23;97;книгу;2;noun
24;197;человека,;2;noun
24;274;романы;3;noun
24;138;флаг,;2;noun
24;188;деньги;2;noun
24;163;паузу;3;noun
25;121;крик,;3;noun
25;220;ислам;3;noun
25;322;обручи;2;noun
25;277;книгу;2;noun
25;142;приказ;3;noun
25;153;куртку,;2;noun
26;197;человека,;2;noun
26;140;романы;3;noun
26;298;запрет,;3;noun
26;178;товар;2;noun
26;167;флаг,;2;noun
26;211;паузу;3;noun
27;227;книгу;2;noun
27;118;ислам;3;noun
27;189;крик,;3;noun
27;206;куртку,;2;noun
27;210;приказ;3;noun
27;374;обручи;2;noun
28;132;человека,;2;noun
28;111;романы;3;noun
28;105;товар;2;noun
28;262;флаг,;2;noun
28;194;деньги;2;noun
28;65;запрет,;3;noun
29;217;разговор,;3;noun
29;171;куртку,;2;noun
29;256;крик,;3;noun
29;277;ислам;3;noun
29;265;обручи;2;noun
31;256;обручи;2;noun
31;172;крик,;3;noun
31;238;разговор,;3;noun
31;226;куртку,;2;noun
31;291;приказ;3;noun
32;168;романы;3;noun
32;102;флаг,;2;noun
32;211;товар;2;noun
32;196;паузу;3;noun
32;142;запрет,;3;noun
32;171;человека,;2;noun
32;298;деньги;2;noun
33;200;разговор,;3;noun
33;262;куртку,;2;noun
33;207;ислам;3;noun
33;190;обручи;2;noun
34;243;деньги;2;noun
34;159;человека,;2;noun
34;160;товар;2;noun
34;156;романы;3;noun
34;194;запрет,;3;noun
35;336;крик,;3;noun
35;284;ислам;3;noun
35;224;приказ;3;noun
35;114;куртку,;2;noun
35;133;книгу;2;noun
35;224;обручи;2;noun
35;129;разговор,;3;noun
36;165;романы;3;noun
36;131;запрет,;3;noun
36;189;деньги;2;noun
37;148;ислам;3;noun
37;238;куртку,;2;noun
37;166;крик,;3;noun
37;115;разговор,;3;noun
37;193;книгу;2;noun
37;239;приказ;3;noun
37;245;обручи;2;noun
39;198;книгу;2;noun
39;182;приказ;3;noun
39;109;крик,;3;noun
39;189;обручи;2;noun
39;149;куртку,;2;noun
39;213;ислам;3;noun
39;208;разговор,;3;noun
40;175;товар;2;noun
40;217;деньги;2;noun
40;261;романы;3;noun
40;156;запрет,;3;noun
40;170;паузу;3;noun
41;201;ислам;3;noun
41;148;разговор,;3;noun
41;217;обручи;2;noun
41;140;приказ;3;noun
42;142;запрет,;3;noun
42;203;товар;2;noun
42;175;деньги;2;noun
42;160;паузу;3;noun
42;161;человека,;2;noun
42;113;романы;3;noun
43;268;крик,;3;noun
43;236;ислам;3;noun
43;211;куртку,;2;noun
43;144;книгу;2;noun
43;275;разговор,;3;noun
43;160;приказ;3;noun
44;143;паузу;3;noun
44;141;деньги;2;noun
44;202;человека,;2;noun
44;239;запрет,;3;noun
45;203;разговор,;3;noun
45;330;крик,;3;noun
45;197;книгу;2;noun
45;191;куртку,;2;noun
45;207;обручи;2;noun
45;261;приказ;3;noun
46;186;человека,;2;noun
46;230;паузу;3;noun
46;267;романы;3;noun
46;246;запрет,;3;noun
47;130;ислам;3;noun
47;313;обручи;2;noun
47;150;приказ;3;noun
47;139;разговор,;3;noun
48;205;паузу;3;noun
48;236;романы;3;noun
48;187;человека,;2;noun
48;139;флаг,;2;noun
48;209;деньги;2;noun
48;163;запрет,;3;noun
48;174;товар;2;noun
49 (1);168;разговор,;3;noun
49 (1);97;куртку,;2;noun
49 (1);220;обручи;2;noun
49 (1);239;приказ;3;noun
49 (1);174;ислам;3;noun
49 (1);216;крик,;3;noun
50;207;товар;2;noun
50;171;человека,;2;noun
50;117;романы;3;noun
50;142;деньги;2;noun
50;178;паузу;3;noun
50;174;флаг,;2;noun
50;216;запрет,;3;noun
51;170;обручи;2;noun
51;256;разговор,;3;noun
51;172;приказ;3;noun
51;394;ислам;3;noun
52;146;паузу;3;noun
52;222;человека,;2;noun
52;374;товар;2;noun
52;157;флаг,;2;noun
52;217;запрет,;3;noun
53;278;обручи;2;noun
53;223;приказ;3;noun
53;221;ислам;3;noun
53;179;крик,;3;noun
53;270;книгу;2;noun
53;201;куртку,;2;noun
53;68;разговор,;3;noun
54;182;человека,;2;noun
54;154;романы;3;noun
54;184;запрет,;3;noun
55;111;крик,;3;noun
55;142;обручи;2;noun
55;220;ислам;3;noun
55;174;книгу;2;noun
55;133;куртку,;2;noun
55;110;разговор,;3;noun
56;372;запрет,;3;noun
56;171;романы;3;noun
56;269;деньги;2;noun
56;266;флаг,;2;noun
56;265;паузу;3;noun
56;268;человека,;2;noun
57;274;куртку,;2;noun
57;203;приказ;3;noun
58;172;романы;3;noun
58;155;запрет,;3;noun
58;186;деньги;2;noun
58;199;паузу;3;noun
59;304;куртку,;2;noun
59;227;обручи;2;noun
59;207;книгу;2;noun
59;73;приказ;3;noun
59;251;разговор,;3;noun
59;181;крик,;3;noun
60;210;человека,;2;noun
60;280;товар;2;noun
60;213;деньги;2;noun
60;212;паузу;3;noun
60;179;запрет,;3;noun
60;428;романы;3;noun
61;421;ислам;3;noun
61;191;разговор,;3;noun
61;242;обручи;2;noun
61;109;крик,;3;noun
61;166;книгу;2;noun
61;264;куртку,;2;noun
63;294;куртку,;2;noun
63;206;приказ;3;noun
63;186;ислам;3;noun
63;212;разговор,;3;noun
64;203;флаг,;2;noun
64;186;паузу;3;noun
64;173;деньги;2;noun
64;201;товар;2;noun
64;164;запрет,;3;noun
64;239;человека,;2;noun
64;173;деньги;2;noun
64;201;товар;2;noun
64;164;запрет,;3;noun
64;239;человека,;2;noun
