﻿RECORDING_SESSION_LABEL;IA_FIRST_FIXATION_DURATION;IA_LABEL;type;Word
1;178;буквально;0;common
1;171;российского;1;common
1;90;который3;1;common
1;231;очень;1;common
1;280;поисках;0;common
1;133;перед;0;common
2;155;буквально;1;common
2;185;которую;0;common
2;163;котором;0;common
2;212;поисках;1;common
2;182;российского;0;common
2;177;перед;1;common
3;265;поисках;0;common
3;276;российского;1;common
3;144;перед;0;common
3;193;буквально;0;common
3;279;который3;1;common
3;238;которой;1;common
4;177;буквально;1;common
4;198;российского;0;common
4;292;очень;0;common
4;219;поисках;1;common
4;213;котором;0;common
4;225;которую;0;common
5;326;очень;1;common
5;209;поисках;0;common
5;233;российского;1;common
5;204;буквально;0;common
5;323;который3;1;common
5;226;которой;1;common
5;155;перед;0;common
6;301;буквально;1;common
6;215;поисках;1;common
6;191;перед;1;common
6;230;российского;0;common
6;186;которую;0;common
6;208;котором;0;common
6;151;очень;0;common
7;172;российского;1;common
7;167;перед;0;common
7;162;который3;1;common
7;83;которой;1;common
7;251;поисках;0;common
7;183;буквально;0;common
8;289;котором;0;common
8;269;российского;0;common
8;253;буквально;1;common
8;236;поисках;1;common
8;245;очень;0;common
8;412;которую;0;common
9;166;буквально;0;common
9;149;который3;1;common
9;186;российского;1;common
9;129;которой;1;common
9;126;очень;1;common
9;242;поисках;0;common
10;271;перед;1;common
10;232;которую;0;common
10;228;котором;0;common
10;212;российского;0;common
10;187;буквально;1;common
10;210;очень;0;common
11;225;буквально;0;common
11;114;поисках;0;common
11;142;которой;1;common
11;205;российского;1;common
11;136;очень;1;common
11;176;который3;1;common
12;160;перед;1;common
12;171;котором;0;common
12;159;российского;0;common
12;301;которую;0;common
12;285;буквально;1;common
12;151;поисках;1;common
13;237;буквально;0;common
13;226;российского;1;common
13;246;перед;0;common
13;373;поисках;0;common
13;212;который3;1;common
13;192;которой;1;common
14;253;поисках;1;common
14;263;буквально;1;common
14;336;котором;0;common
14;271;российского;0;common
14;188;которую;0;common
15;178;буквально;0;common
15;217;которой;1;common
15;143;перед;0;common
15;192;который3;1;common
15;250;поисках;0;common
15;176;российского;1;common
16;119;перед;1;common
16;189;очень;0;common
16;183;которую;0;common
16;213;российского;0;common
16;241;котором;0;common
16;153;буквально;1;common
16;316;поисках;1;common
17;136;поисках;0;common
17;84;очень;1;common
17;163;которой;1;common
17;182;буквально;0;common
17;151;российского;1;common
17;142;перед;0;common
17;189;который3;1;common
18;219;которую;0;common
18;143;поисках;1;common
18;222;буквально;1;common
18;226;российского;0;common
18;233;перед;1;common
18;243;котором;0;common
18;179;очень;0;common
19;179;которой;1;common
19;229;буквально;0;common
19;194;очень;1;common
19;369;поисках;0;common
19;287;перед;0;common
19;337;российского;1;common
19;286;который3;1;common
20;212;очень;0;common
20;281;поисках;1;common
20;207;российского;0;common
20;195;перед;1;common
20;209;которую;0;common
20;146;котором;0;common
20;275;буквально;1;common
21;144;поисках;0;common
21;145;который3;1;common
21;176;очень;1;common
21;207;которой;1;common
21;153;буквально;0;common
21;156;российского;1;common
22;163;очень;0;common
22;235;поисках;1;common
22;193;российского;0;common
22;246;которую;0;common
22;200;буквально;1;common
23;315;поисках;0;common
23;269;перед;0;common
23;258;буквально;0;common
23;193;который3;1;common
23;266;российского;1;common
23;252;которой;1;common
23;230;очень;1;common
24;163;поисках;1;common
24;164;очень;0;common
24;199;перед;1;common
24;175;котором;0;common
24;139;которую;0;common
24;171;российского;0;common
25;250;поисках;0;common
25;216;которой;1;common
25;168;очень;1;common
25;166;который3;1;common
25;106;российского;1;common
25;216;буквально;0;common
25;179;перед;0;common
26;159;российского;0;common
26;151;буквально;1;common
26;198;очень;0;common
26;178;перед;1;common
26;128;поисках;1;common
26;195;котором;0;common
26;211;которую;0;common
27;240;которой;1;common
27;184;российского;1;common
27;229;буквально;0;common
27;318;поисках;0;common
27;139;который3;1;common
27;239;перед;0;common
28;154;перед;1;common
28;201;поисках;1;common
28;219;российского;0;common
28;123;которую;0;common
28;225;котором;0;common
28;203;очень;0;common
29;237;поисках;0;common
29;228;которой;1;common
29;179;российского;1;common
29;165;очень;1;common
29;217;буквально;0;common
29;169;который3;1;common
29;185;перед;0;common
31;221;который3;1;common
31;235;поисках;0;common
31;194;которой;1;common
31;323;буквально;0;common
31;135;российского;1;common
32;215;российского;0;common
32;262;буквально;1;common
32;214;поисках;1;common
32;223;очень;0;common
32;216;которую;0;common
32;271;котором;0;common
32;138;перед;1;common
33;238;очень;1;common
33;199;поисках;0;common
33;192;который3;1;common
33;248;российского;1;common
33;215;буквально;0;common
33;264;перед;0;common
34;199;российского;0;common
34;210;очень;0;common
34;192;которую;0;common
34;147;буквально;1;common
34;168;перед;1;common
34;177;поисках;1;common
34;229;котором;0;common
35;141;очень;1;common
35;83;который3;1;common
35;131;которой;1;common
35;201;российского;1;common
35;113;перед;0;common
35;230;поисках;0;common
35;208;буквально;0;common
36;210;перед;1;common
36;206;буквально;1;common
36;178;котором;0;common
36;191;которую;0;common
36;211;российского;0;common
36;196;поисках;1;common
37;176;очень;1;common
37;230;который3;1;common
37;256;перед;0;common
37;254;буквально;0;common
37;247;поисках;0;common
37;282;российского;1;common
37;217;которой;1;common
39;204;перед;0;common
39;167;который3;1;common
39;176;которой;1;common
39;139;буквально;0;common
39;144;очень;1;common
39;231;российского;1;common
39;177;поисках;0;common
40;154;перед;1;common
40;325;которую;0;common
40;168;очень;0;common
40;188;буквально;1;common
40;209;российского;0;common
40;226;поисках;1;common
40;283;котором;0;common
41;294;поисках;0;common
41;200;очень;1;common
41;203;который3;1;common
41;129;российского;1;common
41;173;которой;1;common
41;154;перед;0;common
42;194;котором;0;common
42;167;перед;1;common
42;233;российского;0;common
42;194;поисках;1;common
42;222;которую;0;common
42;196;буквально;1;common
42;149;очень;0;common
43;165;перед;0;common
43;182;буквально;0;common
43;284;который3;1;common
43;152;поисках;0;common
43;226;очень;1;common
43;192;российского;1;common
43;218;которой;1;common
44;143;котором;0;common
44;192;которую;0;common
44;226;поисках;1;common
45;217;российского;1;common
45;185;перед;0;common
45;211;буквально;0;common
45;215;которой;1;common
45;205;очень;1;common
45;247;который3;1;common
45;226;поисках;0;common
46;166;поисках;1;common
46;109;котором;0;common
46;171;российского;0;common
46;267;буквально;1;common
46;160;которую;0;common
46;153;перед;1;common
46;133;очень;0;common
47;177;который3;1;common
47;156;российского;1;common
47;174;которой;1;common
47;158;поисках;0;common
47;152;буквально;0;common
48;212;поисках;1;common
48;186;перед;1;common
48;232;российского;0;common
48;175;буквально;1;common
48;210;котором;0;common
48;264;очень;0;common
48;305;которую;0;common
49 (1);186;буквально;0;common
49 (1);264;поисках;0;common
49 (1);121;перед;0;common
49 (1);144;российского;1;common
49 (1);113;который3;1;common
50;218;буквально;1;common
50;176;которую;0;common
50;206;поисках;1;common
50;150;очень;0;common
50;157;российского;0;common
50;196;перед;1;common
50;215;котором;0;common
51;238;который3;1;common
51;259;поисках;0;common
51;330;которой;1;common
51;193;буквально;0;common
51;269;российского;1;common
51;202;перед;0;common
52;148;очень;0;common
52;202;поисках;1;common
52;228;российского;0;common
52;166;перед;1;common
52;227;котором;0;common
52;197;буквально;1;common
53;152;российского;1;common
53;161;очень;1;common
53;167;которой;1;common
53;272;поисках;0;common
53;221;который3;1;common
53;209;буквально;0;common
53;156;перед;0;common
54;167;поисках;1;common
54;150;очень;0;common
54;143;которую;0;common
54;185;котором;0;common
54;100;буквально;1;common
55;277;российского;1;common
55;64;который3;1;common
55;215;очень;1;common
55;69;которой;1;common
55;243;буквально;0;common
55;234;перед;0;common
55;118;поисках;0;common
56;244;российского;0;common
56;230;буквально;1;common
56;182;поисках;1;common
56;176;очень;0;common
57;248;который3;1;common
57;191;очень;1;common
57;239;поисках;0;common
57;311;буквально;0;common
57;213;которой;1;common
57;287;российского;1;common
58;274;поисках;1;common
58;144;российского;0;common
58;176;буквально;1;common
58;171;котором;0;common
58;497;которую;0;common
59;231;очень;1;common
59;165;который3;1;common
59;167;буквально;0;common
59;204;российского;1;common
59;237;перед;0;common
59;233;поисках;0;common
60;216;очень;0;common
60;200;котором;0;common
60;174;российского;0;common
60;315;поисках;1;common
60;158;перед;1;common
60;285;буквально;1;common
60;135;которую;0;common
61;321;поисках;0;common
61;351;российского;1;common
61;253;который3;1;common
61;245;которой;1;common
61;245;очень;1;common
61;240;буквально;0;common
61;262;перед;0;common
63;295;поисках;0;common
63;126;очень;1;common
63;203;буквально;0;common
64;145;перед;1;common
64;192;которую;0;common
64;136;котором;0;common
64;209;буквально;1;common
64;146;российского;0;common
64;192;которую;0;common
64;136;котором;0;common
64;209;буквально;1;common
64;146;российского;0;common
