﻿RECORDING_SESSION_LABEL;IA_FIRST_FIXATION_DURATION;IA_LABEL;type;Word
1;214;ключи;0;noun
1;262;историю;1;noun
1;221;успеху,;1;noun
1;60;депрессии,;1;noun
1;163;бюджет;1;noun
1;362;коридорам;0;noun
1;205;масло;0;noun
2;238;ресторана,;0;noun
2;100;Интернету;1;noun
2;154;стакан;0;noun
2;215;комнату;0;noun
2;166;мышцы;1;noun
3;283;коридорам;0;noun
3;231;историю;1;noun
3;220;масло;0;noun
3;179;бюджет;1;noun
3;236;успеху,;1;noun
3;170;депрессии,;1;noun
4;240;комнату;0;noun
4;270;стакан;0;noun
4;270;Интернету;1;noun
4;234;ресторана,;0;noun
4;243;машине,;0;noun
4;285;мышцы;1;noun
5;310;бюджет;1;noun
5;195;коридорам;0;noun
5;176;историю;1;noun
5;155;ключи;0;noun
5;201;успеху,;1;noun
5;198;депрессии,;1;noun
5;220;масло;0;noun
6;159;разум;1;noun
6;230;Интернету;1;noun
6;174;мышцы;1;noun
6;144;комнату;0;noun
6;220;машине,;0;noun
6;144;ресторана,;0;noun
6;222;стакан;0;noun
7;178;историю;1;noun
7;240;масло;0;noun
7;87;успеху,;1;noun
7;150;депрессии,;1;noun
7;238;коридорам;0;noun
7;446;ключи;0;noun
8;161;ресторана,;0;noun
8;237;комнату;0;noun
8;197;разум;1;noun
8;352;Интернету;1;noun
8;329;стакан;0;noun
8;279;мышцы;1;noun
9;235;ключи;0;noun
9;228;масло;0;noun
9;245;успеху,;1;noun
9;198;историю;1;noun
9;145;депрессии,;1;noun
9;189;бюджет;1;noun
9;209;коридорам;0;noun
10;211;мышцы;1;noun
10;256;машине,;0;noun
10;90;ресторана,;0;noun
10;168;комнату;0;noun
10;231;разум;1;noun
10;254;Интернету;1;noun
10;125;стакан;0;noun
11;149;ключи;0;noun
11;177;масло;0;noun
11;188;коридорам;0;noun
11;116;депрессии,;1;noun
11;146;историю;1;noun
11;177;бюджет;1;noun
11;116;успеху,;1;noun
12;168;ресторана,;0;noun
12;162;комнату;0;noun
12;138;машине,;0;noun
12;154;стакан;0;noun
12;267;Интернету;1;noun
13;319;ключи;0;noun
13;266;историю;1;noun
13;271;бюджет;1;noun
13;239;масло;0;noun
13;303;коридорам;0;noun
13;201;успеху,;1;noun
13;228;депрессии,;1;noun
14;167;мышцы;1;noun
14;288;разум;1;noun
14;209;ресторана,;0;noun
14;245;стакан;0;noun
14;228;машине,;0;noun
15;223;бюджет;1;noun
15;226;ключи;0;noun
16;224;мышцы;1;noun
16;274;стакан;0;noun
16;246;комнату;0;noun
16;276;ресторана,;0;noun
16;158;разум;1;noun
16;227;Интернету;1;noun
17;178;коридорам;0;noun
17;205;бюджет;1;noun
17;86;депрессии,;1;noun
17;118;ключи;0;noun
17;190;масло;0;noun
17;165;успеху,;1;noun
18;194;машине,;0;noun
18;314;Интернету;1;noun
18;247;разум;1;noun
18;216;комнату;0;noun
18;72;мышцы;1;noun
18;195;ресторана,;0;noun
18;244;стакан;0;noun
19;259;ключи;0;noun
19;400;коридорам;0;noun
19;252;масло;0;noun
19;216;историю;1;noun
20;179;стакан;0;noun
20;185;Интернету;1;noun
20;320;мышцы;1;noun
20;213;машине,;0;noun
20;263;ресторана,;0;noun
20;233;разум;1;noun
21;223;коридорам;0;noun
21;230;масло;0;noun
21;154;бюджет;1;noun
21;79;депрессии,;1;noun
21;162;историю;1;noun
22;211;стакан;0;noun
22;241;Интернету;1;noun
22;260;мышцы;1;noun
22;225;комнату;0;noun
22;81;машине,;0;noun
22;154;ресторана,;0;noun
22;290;разум;1;noun
23;139;ключи;0;noun
23;411;историю;1;noun
23;247;депрессии,;1;noun
23;218;бюджет;1;noun
24;186;Интернету;1;noun
24;217;стакан;0;noun
24;199;разум;1;noun
24;114;мышцы;1;noun
24;422;ресторана,;0;noun
24;184;машине,;0;noun
25;248;коридорам;0;noun
25;248;депрессии,;1;noun
25;203;бюджет;1;noun
25;182;успеху,;1;noun
25;232;историю;1;noun
25;204;ключи;0;noun
25;85;масло;0;noun
26;130;комнату;0;noun
26;230;разум;1;noun
26;203;стакан;0;noun
26;76;мышцы;1;noun
26;157;Интернету;1;noun
26;124;ресторана,;0;noun
26;179;машине,;0;noun
27;205;депрессии,;1;noun
27;186;историю;1;noun
27;211;бюджет;1;noun
27;330;коридорам;0;noun
27;176;успеху,;1;noun
28;194;Интернету;1;noun
28;325;комнату;0;noun
28;246;машине,;0;noun
28;367;ресторана,;0;noun
28;215;стакан;0;noun
29;198;коридорам;0;noun
29;189;депрессии,;1;noun
29;253;историю;1;noun
29;260;бюджет;1;noun
29;134;ключи;0;noun
29;168;успеху,;1;noun
29;189;масло;0;noun
31;237;успеху,;1;noun
31;219;масло;0;noun
31;213;бюджет;1;noun
31;276;коридорам;0;noun
31;232;депрессии,;1;noun
31;238;ключи;0;noun
31;238;историю;1;noun
32;163;комнату;0;noun
32;114;Интернету;1;noun
32;80;стакан;0;noun
32;167;ресторана,;0;noun
32;120;мышцы;1;noun
33;220;бюджет;1;noun
33;149;депрессии,;1;noun
33;260;историю;1;noun
33;180;ключи;0;noun
33;207;масло;0;noun
34;153;комнату;0;noun
34;182;стакан;0;noun
34;171;машине,;0;noun
34;157;разум;1;noun
34;191;мышцы;1;noun
34;129;ресторана,;0;noun
35;229;бюджет;1;noun
35;125;успеху,;1;noun
35;198;депрессии,;1;noun
35;137;историю;1;noun
35;206;масло;0;noun
35;197;коридорам;0;noun
35;177;ключи;0;noun
36;208;мышцы;1;noun
36;155;разум;1;noun
36;223;ресторана,;0;noun
36;283;машине,;0;noun
36;134;комнату;0;noun
36;238;Интернету;1;noun
36;181;стакан;0;noun
37;208;бюджет;1;noun
37;218;успеху,;1;noun
37;249;масло;0;noun
37;179;коридорам;0;noun
37;193;историю;1;noun
37;231;депрессии,;1;noun
39;196;масло;0;noun
39;220;успеху,;1;noun
39;241;депрессии,;1;noun
39;178;ключи;0;noun
39;180;бюджет;1;noun
39;161;историю;1;noun
39;198;коридорам;0;noun
40;226;мышцы;1;noun
40;215;машине,;0;noun
40;202;стакан;0;noun
40;206;разум;1;noun
40;231;комнату;0;noun
40;236;Интернету;1;noun
40;154;ресторана,;0;noun
41;116;коридорам;0;noun
41;175;историю;1;noun
41;182;депрессии,;1;noun
41;111;масло;0;noun
41;98;ключи;0;noun
42;157;ресторана,;0;noun
42;180;мышцы;1;noun
42;187;комнату;0;noun
42;205;Интернету;1;noun
42;194;машине,;0;noun
42;230;разум;1;noun
42;260;стакан;0;noun
43;260;масло;0;noun
43;250;ключи;0;noun
43;219;успеху,;1;noun
43;292;коридорам;0;noun
43;198;бюджет;1;noun
43;211;историю;1;noun
43;225;депрессии,;1;noun
44;176;ресторана,;0;noun
44;148;машине,;0;noun
44;196;Интернету;1;noun
45;191;историю;1;noun
45;251;масло;0;noun
45;272;депрессии,;1;noun
45;221;бюджет;1;noun
45;238;успеху,;1;noun
45;267;коридорам;0;noun
46;160;Интернету;1;noun
46;164;ресторана,;0;noun
46;144;комнату;0;noun
46;125;разум;1;noun
46;208;машине,;0;noun
46;235;мышцы;1;noun
47;179;бюджет;1;noun
47;239;историю;1;noun
47;113;депрессии,;1;noun
47;257;коридорам;0;noun
47;311;масло;0;noun
48;305;Интернету;1;noun
48;297;комнату;0;noun
48;227;разум;1;noun
48;286;ресторана,;0;noun
48;252;стакан;0;noun
48;164;машине,;0;noun
49 (1);173;ключи;0;noun
49 (1);183;коридорам;0;noun
49 (1);183;бюджет;1;noun
49 (1);195;масло;0;noun
49 (1);168;успеху,;1;noun
49 (1);230;депрессии,;1;noun
50;242;разум;1;noun
50;226;машине,;0;noun
50;189;Интернету;1;noun
50;202;стакан;0;noun
50;144;комнату;0;noun
50;199;мышцы;1;noun
50;161;ресторана,;0;noun
51;312;успеху,;1;noun
51;335;коридорам;0;noun
51;224;ключи;0;noun
51;307;историю;1;noun
51;278;масло;0;noun
51;298;бюджет;1;noun
52;141;стакан;0;noun
52;76;машине,;0;noun
52;236;Интернету;1;noun
52;165;комнату;0;noun
52;168;мышцы;1;noun
52;202;ресторана,;0;noun
52;161;разум;1;noun
53;203;историю;1;noun
53;172;бюджет;1;noun
53;182;депрессии,;1;noun
53;170;коридорам;0;noun
53;245;успеху,;1;noun
53;254;ключи;0;noun
53;220;масло;0;noun
54;210;Интернету;1;noun
54;224;стакан;0;noun
54;86;комнату;0;noun
54;218;ресторана,;0;noun
54;68;мышцы;1;noun
54;185;разум;1;noun
55;125;историю;1;noun
55;251;успеху,;1;noun
55;192;бюджет;1;noun
55;82;депрессии,;1;noun
55;121;ключи;0;noun
55;161;масло;0;noun
55;64;коридорам;0;noun
56;254;ресторана,;0;noun
56;309;мышцы;1;noun
56;221;комнату;0;noun
56;181;машине,;0;noun
56;211;Интернету;1;noun
57;237;бюджет;1;noun
57;216;коридорам;0;noun
57;372;историю;1;noun
57;239;масло;0;noun
58;182;Интернету;1;noun
58;150;мышцы;1;noun
58;133;ресторана,;0;noun
58;191;машине,;0;noun
58;156;стакан;0;noun
59;221;успеху,;1;noun
59;275;ключи;0;noun
59;95;историю;1;noun
59;237;масло;0;noun
59;195;коридорам;0;noun
60;256;стакан;0;noun
60;221;ресторана,;0;noun
60;151;комнату;0;noun
60;216;Интернету;1;noun
60;153;мышцы;1;noun
60;217;разум;1;noun
60;205;машине,;0;noun
61;347;коридорам;0;noun
61;70;историю;1;noun
61;164;успеху,;1;noun
61;239;депрессии,;1;noun
61;285;бюджет;1;noun
61;200;ключи;0;noun
61;224;масло;0;noun
63;154;коридорам;0;noun
63;204;бюджет;1;noun
63;216;масло;0;noun
63;206;депрессии,;1;noun
64;155;мышцы;1;noun
64;210;стакан;0;noun
64;111;машине,;0;noun
64;142;ресторана,;0;noun
64;292;разум;1;noun
64;255;комнату;0;noun
64;210;стакан;0;noun
64;111;машине,;0;noun
64;142;ресторана,;0;noun
64;292;разум;1;noun
64;255;комнату;0;noun
