﻿RECORDING_SESSION_LABEL;IA_FIRST_FIXATION_DURATION;IA_LABEL;type;Word
1;523;крутит;2;verb
1;371;взять;2;verb
1;200;ведут;3;verb
1;93;принимать;3;verb
1;275;поднялся;3;verb
1;145;снял;2;verb
2;126;поднялся;2;verb
2;194;принимать;2;verb
2;81;дал;2;verb
2;157;крутит;3;verb
2;150;ведут;2;verb
3;214;крутит;2;verb
3;215;поднялся;3;verb
3;274;ведут;3;verb
3;220;взять;2;verb
3;401;снял;2;verb
3;290;принимать;3;verb
4;275;взять;3;verb
4;231;снял;3;verb
4;257;ведут;2;verb
4;259;принимать;2;verb
4;212;поднялся;2;verb
4;223;дал;2;verb
5;130;крутит;2;verb
5;104;принимать;3;verb
5;433;поднялся;3;verb
5;202;дал;3;verb
5;213;ведут;3;verb
6;187;взять;3;verb
6;308;ведут;2;verb
6;237;принимать;2;verb
6;383;снял;3;verb
6;231;крутит;3;verb
6;171;поднялся;2;verb
7;260;поднялся;3;verb
7;257;снял;2;verb
7;140;крутит;2;verb
7;91;ведут;3;verb
7;259;дал;3;verb
7;276;принимать;3;verb
8;190;ведут;2;verb
8;262;крутит;3;verb
8;247;взять;3;verb
8;238;принимать;2;verb
8;445;поднялся;2;verb
8;240;снял;3;verb
9;276;принимать;3;verb
9;135;дал;3;verb
9;159;снял;2;verb
9;183;крутит;2;verb
9;347;поднялся;3;verb
10;240;поднялся;2;verb
10;202;принимать;2;verb
10;200;взять;3;verb
10;171;ведут;2;verb
10;239;снял;3;verb
10;209;крутит;3;verb
11;133;принимать;3;verb
11;159;крутит;2;verb
11;225;поднялся;3;verb
11;100;взять;2;verb
12;166;ведут;2;verb
12;177;дал;2;verb
12;166;принимать;2;verb
12;149;крутит;3;verb
13;223;дал;3;verb
13;243;ведут;3;verb
13;199;взять;2;verb
13;231;крутит;2;verb
13;239;принимать;3;verb
13;332;поднялся;3;verb
14;210;дал;2;verb
14;203;ведут;2;verb
14;855;крутит;3;verb
14;306;взять;3;verb
14;264;снял;3;verb
14;259;принимать;2;verb
14;330;поднялся;2;verb
15;180;снял;2;verb
15;220;дал;3;verb
15;213;ведут;3;verb
15;180;взять;2;verb
15;184;поднялся;3;verb
16;123;ведут;2;verb
16;225;дал;2;verb
16;117;крутит;3;verb
16;170;взять;3;verb
16;150;принимать;2;verb
16;224;снял;3;verb
16;235;поднялся;2;verb
17;177;принимать;3;verb
17;205;крутит;2;verb
17;197;поднялся;3;verb
17;169;ведут;3;verb
17;139;взять;2;verb
17;146;дал;3;verb
17;175;снял;2;verb
18;238;дал;2;verb
18;185;взять;3;verb
18;196;поднялся;2;verb
18;589;снял;3;verb
18;203;крутит;3;verb
18;286;ведут;2;verb
18;185;принимать;2;verb
19;425;крутит;2;verb
19;223;взять;2;verb
19;718;поднялся;3;verb
19;257;принимать;3;verb
19;261;дал;3;verb
19;374;ведут;3;verb
19;344;снял;2;verb
20;217;снял;3;verb
20;256;ведут;2;verb
20;213;крутит;3;verb
20;217;взять;3;verb
20;275;дал;2;verb
20;206;принимать;2;verb
20;223;поднялся;2;verb
21;131;принимать;3;verb
21;140;поднялся;3;verb
21;218;дал;3;verb
21;236;снял;2;verb
22;249;принимать;2;verb
22;393;поднялся;2;verb
22;261;взять;3;verb
22;152;дал;2;verb
22;197;крутит;3;verb
22;348;снял;3;verb
23;293;поднялся;3;verb
23;425;снял;2;verb
23;240;принимать;3;verb
23;309;крутит;2;verb
23;246;ведут;3;verb
23;239;взять;2;verb
24;103;крутит;3;verb
24;247;принимать;2;verb
24;195;поднялся;2;verb
24;149;снял;3;verb
25;109;поднялся;3;verb
25;69;принимать;3;verb
25;257;крутит;2;verb
25;199;взять;2;verb
25;235;дал;3;verb
25;146;снял;2;verb
25;107;ведут;3;verb
26;217;ведут;2;verb
26;136;крутит;3;verb
26;245;дал;2;verb
26;181;снял;3;verb
26;143;принимать;2;verb
26;162;поднялся;2;verb
26;200;взять;3;verb
27;215;взять;2;verb
27;149;принимать;3;verb
27;155;ведут;3;verb
27;213;поднялся;3;verb
28;182;ведут;2;verb
28;278;крутит;3;verb
28;179;принимать;2;verb
28;109;поднялся;2;verb
28;199;взять;3;verb
28;181;снял;3;verb
29;224;взять;2;verb
29;166;дал;3;verb
29;214;ведут;3;verb
29;222;снял;2;verb
29;262;поднялся;3;verb
29;298;принимать;3;verb
29;310;крутит;2;verb
31;224;крутит;2;verb
31;270;принимать;3;verb
31;242;поднялся;3;verb
31;345;ведут;3;verb
31;397;снял;2;verb
32;221;крутит;3;verb
32;243;поднялся;2;verb
32;190;принимать;2;verb
32;213;снял;3;verb
32;212;ведут;2;verb
32;214;дал;2;verb
33;185;ведут;3;verb
33;324;дал;3;verb
33;200;принимать;3;verb
33;381;поднялся;3;verb
33;267;крутит;2;verb
33;288;взять;2;verb
34;167;ведут;2;verb
34;186;принимать;2;verb
34;232;крутит;3;verb
34;165;поднялся;2;verb
34;171;снял;3;verb
35;317;поднялся;3;verb
35;242;принимать;3;verb
35;218;взять;2;verb
35;189;крутит;2;verb
35;249;ведут;3;verb
36;236;взять;3;verb
36;288;крутит;3;verb
36;351;ведут;2;verb
36;221;принимать;2;verb
36;182;снял;3;verb
36;259;поднялся;2;verb
37;209;принимать;3;verb
37;134;снял;2;verb
37;202;поднялся;3;verb
37;81;ведут;3;verb
37;285;взять;2;verb
37;164;дал;3;verb
37;209;крутит;2;verb
39;197;взять;2;verb
39;99;дал;3;verb
39;168;поднялся;3;verb
39;178;крутит;2;verb
39;169;снял;2;verb
39;193;принимать;3;verb
39;205;ведут;3;verb
40;249;принимать;2;verb
40;272;дал;2;verb
40;189;крутит;3;verb
40;318;поднялся;2;verb
40;175;ведут;2;verb
40;145;снял;3;verb
40;204;взять;3;verb
41;281;принимать;3;verb
41;184;поднялся;3;verb
41;183;ведут;3;verb
41;198;взять;2;verb
41;186;крутит;2;verb
41;156;снял;2;verb
41;70;дал;3;verb
42;175;поднялся;2;verb
42;257;снял;3;verb
42;195;принимать;2;verb
42;151;дал;2;verb
42;169;взять;3;verb
42;167;ведут;2;verb
42;160;крутит;3;verb
43;267;поднялся;3;verb
43;253;принимать;3;verb
43;220;крутит;2;verb
43;116;дал;3;verb
44;146;взять;3;verb
44;88;поднялся;2;verb
44;105;дал;2;verb
44;103;ведут;2;verb
44;149;снял;3;verb
45;196;ведут;3;verb
45;194;снял;2;verb
45;204;крутит;2;verb
45;229;принимать;3;verb
46;329;ведут;2;verb
46;154;поднялся;2;verb
46;138;взять;3;verb
46;155;принимать;2;verb
46;211;крутит;3;verb
46;151;дал;2;verb
47;222;взять;2;verb
47;243;принимать;3;verb
47;249;крутит;2;verb
47;202;снял;2;verb
47;216;поднялся;3;verb
48;250;взять;3;verb
48;283;крутит;3;verb
48;206;ведут;2;verb
48;291;поднялся;2;verb
48;225;дал;2;verb
48;231;снял;3;verb
48;190;принимать;2;verb
49 (1);149;ведут;3;verb
49 (1);159;снял;2;verb
49 (1);188;крутит;2;verb
49 (1);204;принимать;3;verb
49 (1);176;поднялся;3;verb
49 (1);173;взять;2;verb
50;248;принимать;2;verb
50;102;ведут;2;verb
50;237;крутит;3;verb
50;180;дал;2;verb
50;102;взять;3;verb
50;373;поднялся;2;verb
50;167;снял;3;verb
51;175;поднялся;3;verb
51;410;крутит;2;verb
51;182;ведут;3;verb
51;275;дал;3;verb
51;199;взять;2;verb
51;382;снял;2;verb
51;315;принимать;3;verb
52;428;дал;2;Verb
52;280;взять;3;Verb
52;279;принимать;2;Verb
52;242;поднялся;2;Verb
52;181;крутит;3;Verb
52;443;снял;3;Verb
53;251;принимать;3;Verb
53;199;поднялся;3;Verb
53;207;взять;2;Verb
53;183;снял;2;Verb
53;222;ведут;3;Verb
54;136;ведут;2;Verb
54;237;поднялся;2;Verb
54;294;крутит;3;Verb
55;325;поднялся;3;Verb
55;181;крутит;2;Verb
55;138;принимать;3;Verb
55;187;взять;2;Verb
55;341;снял;2;Verb
55;168;ведут;3;Verb
55;178;дал;3;Verb
56;242;принимать;2;Verb
56;279;поднялся;2;Verb
56;135;ведут;2;Verb
57;246;крутит;2;Verb
57;180;поднялся;3;Verb
57;315;снял;2;Verb
57;363;принимать;3;Verb
57;243;дал;3;Verb
57;219;ведут;3;Verb
57;300;взять;2;Verb
58;143;ведут;2;Verb
58;158;принимать;2;Verb
58;182;поднялся;2;Verb
59;181;взять;2;Verb
59;174;дал;3;Verb
59;201;поднялся;3;Verb
59;236;принимать;3;Verb
60;190;ведут;2;Verb
60;234;принимать;2;Verb
60;230;дал;2;Verb
60;253;взять;3;Verb
60;266;снял;3;Verb
60;219;крутит;3;Verb
61;327;принимать;3;Verb
61;406;ведут;3;Verb
61;237;крутит;2;Verb
61;206;поднялся;3;Verb
61;235;взять;2;Verb
61;249;снял;2;Verb
63;304;поднялся;3;Verb
63;136;принимать;3;Verb
63;170;взять;2;Verb
63;197;ведут;3;Verb
63;159;крутит;2;Verb
64;168;поднялся;2;Verb
64;357;взять;3;Verb
64;237;крутит;3;Verb
64;229;дал;2;Verb
64;148;принимать;2;Verb
64;219;ведут;2;Verb
64;229;дал;2;Verb
64;148;принимать;2;Verb
64;219;ведут;2;Verb
