﻿RECORDING_SESSION_LABEL;IA_FIRST_FIXATION_DURATION;IA_LABEL;type;Word
1;223;потеряла;0;verb
1;126;вошли;1;verb
1;238;бродит;0;verb
1;231;разогреть;0;verb
2;177;потеряла;1;verb
2;155;идёт;0;verb
2;169;вышла;0;verb
2;164;бродит;1;verb
2;193;наполнить;0;verb
2;198;вошли;0;verb
2;199;разогреть;1;verb
3;225;вошли;1;verb
3;287;разогреть;0;verb
3;260;наполнить;1;verb
3;232;потеряла;0;verb
3;155;идёт;1;verb
3;156;вышла;1;verb
4;365;потеряла;1;verb
4;284;вошли;0;verb
4;231;наполнить;0;verb
4;293;бродит;1;verb
4;239;вышла;0;verb
4;251;идёт;0;verb
4;245;разогреть;1;verb
5;409;наполнить;1;verb
5;194;бродит;0;verb
5;223;вошли;1;verb
5;227;потеряла;0;verb
5;271;идёт;1;verb
5;174;вышла;1;verb
5;152;разогреть;0;verb
6;213;потеряла;1;verb
6;181;бродит;1;verb
6;240;разогреть;1;verb
6;206;вошли;0;verb
6;259;идёт;0;verb
6;149;вышла;0;verb
6;171;наполнить;0;verb
7;180;наполнить;1;verb
7;304;вошли;1;verb
7;303;разогреть;0;verb
7;193;идёт;1;verb
7;337;бродит;0;verb
8;288;вышла;0;verb
8;294;вошли;0;verb
8;167;потеряла;1;verb
8;202;бродит;1;verb
8;277;наполнить;0;verb
8;223;идёт;0;verb
8;81;разогреть;1;verb
9;275;потеряла;0;verb
9;277;разогреть;0;verb
9;142;идёт;1;verb
9;227;вошли;1;verb
9;154;наполнить;1;verb
9;218;бродит;0;verb
10;193;разогреть;1;verb
10;269;идёт;0;verb
10;193;вышла;0;verb
10;151;вошли;0;verb
10;99;потеряла;1;verb
10;377;бродит;1;verb
10;168;наполнить;0;verb
11;185;потеряла;0;verb
11;119;разогреть;0;verb
11;186;вышла;1;verb
11;197;вошли;1;verb
11;162;наполнить;1;verb
11;176;идёт;1;verb
12;177;разогреть;1;verb
12;213;вышла;0;verb
12;207;вошли;0;verb
12;161;идёт;0;verb
12;174;наполнить;0;verb
12;168;потеряла;1;verb
13;213;потеряла;0;verb
13;240;вошли;1;verb
13;229;наполнить;1;verb
13;233;разогреть;0;verb
13;286;бродит;0;verb
13;213;идёт;1;verb
13;225;вышла;1;verb
14;305;бродит;1;verb
14;299;разогреть;1;verb
14;211;потеряла;1;verb
14;213;вошли;0;verb
14;199;наполнить;0;verb
14;101;идёт;0;verb
15;200;наполнить;1;verb
15;198;потеряла;0;verb
15;158;вышла;1;verb
15;216;разогреть;0;verb
15;189;бродит;0;verb
15;218;вошли;1;verb
16;251;разогреть;1;verb
16;176;наполнить;0;verb
16;252;вошли;0;verb
16;179;вышла;0;verb
16;261;потеряла;1;verb
16;102;бродит;1;verb
17;118;бродит;0;verb
17;202;наполнить;1;verb
17;191;вышла;1;verb
17;180;потеряла;0;verb
17;136;вошли;1;verb
17;225;разогреть;0;verb
17;218;идёт;1;verb
18;204;идёт;0;verb
18;204;бродит;1;verb
18;196;потеряла;1;verb
18;265;вошли;0;verb
18;273;разогреть;1;verb
18;90;вышла;0;verb
18;236;наполнить;0;verb
19;250;вышла;1;verb
19;445;потеряла;0;verb
19;271;наполнить;1;verb
19;126;бродит;0;verb
19;249;разогреть;0;verb
19;303;вошли;1;verb
19;390;идёт;1;verb
20;253;наполнить;0;verb
20;311;бродит;1;verb
20;271;разогреть;1;verb
20;227;идёт;0;verb
20;259;вышла;0;verb
20;228;потеряла;1;verb
21;129;бродит;0;verb
21;170;разогреть;0;verb
21;144;наполнить;1;verb
21;143;потеряла;0;verb
21;218;вошли;1;verb
22;262;наполнить;0;verb
22;207;бродит;1;verb
22;187;разогреть;1;verb
22;101;вошли;0;verb
22;172;идёт;0;verb
22;304;потеряла;1;verb
23;315;бродит;0;verb
23;237;разогреть;0;verb
23;462;потеряла;0;verb
23;511;идёт;1;verb
23;230;вошли;1;verb
23;173;вышла;1;verb
23;339;наполнить;1;verb
24;163;бродит;1;verb
24;137;наполнить;0;verb
24;106;потеряла;1;verb
24;132;разогреть;1;verb
24;159;вышла;0;verb
24;152;идёт;0;verb
25;205;бродит;0;verb
25;199;вышла;1;verb
25;90;наполнить;1;verb
25;243;идёт;1;verb
25;225;вошли;1;verb
25;176;потеряла;0;verb
25;120;разогреть;0;verb
26;194;вошли;0;verb
26;135;потеряла;1;verb
26;188;разогреть;1;verb
26;185;бродит;1;verb
26;206;идёт;0;verb
27;246;вышла;1;verb
27;203;вошли;1;verb
27;245;потеряла;0;verb
27;392;наполнить;1;verb
27;209;разогреть;0;verb
28;279;разогреть;1;verb
28;168;бродит;1;verb
28;152;вошли;0;verb
28;162;идёт;0;verb
28;218;вышла;0;verb
28;182;потеряла;1;verb
28;159;наполнить;0;verb
29;205;бродит;0;verb
29;207;вышла;1;verb
29;233;вошли;1;verb
29;237;наполнить;1;verb
29;196;потеряла;0;verb
29;451;разогреть;0;verb
31;224;идёт;1;verb
31;320;разогреть;0;verb
31;231;наполнить;1;verb
31;255;потеряла;0;verb
31;218;вошли;1;verb
32;209;вошли;0;verb
32;236;потеряла;1;verb
32;74;бродит;1;verb
32;281;наполнить;0;verb
32;171;идёт;0;verb
32;243;вышла;0;verb
32;106;разогреть;1;verb
33;242;наполнить;1;verb
33;202;вышла;1;verb
33;222;бродит;0;verb
33;129;идёт;1;verb
33;226;вошли;1;verb
33;220;потеряла;0;verb
33;261;разогреть;0;verb
34;153;вошли;0;verb
34;210;наполнить;0;verb
34;149;идёт;0;verb
34;161;потеряла;1;verb
34;170;бродит;1;verb
34;162;вышла;0;verb
35;143;наполнить;1;verb
35;234;идёт;1;verb
35;178;вышла;1;verb
35;197;вошли;1;verb
35;124;разогреть;0;verb
35;118;бродит;0;verb
35;193;потеряла;0;verb
36;308;разогреть;1;verb
36;203;потеряла;1;verb
36;242;вышла;0;verb
36;90;идёт;0;verb
36;324;вошли;0;verb
36;249;бродит;1;verb
36;170;наполнить;0;verb
37;202;наполнить;1;verb
37;205;идёт;1;verb
37;213;разогреть;0;verb
37;204;потеряла;0;verb
37;229;бродит;0;verb
37;200;вошли;1;verb
37;210;вышла;1;verb
39;200;разогреть;0;verb
39;205;идёт;1;verb
39;174;вышла;1;verb
39;204;потеряла;0;verb
39;202;наполнить;1;verb
39;196;вошли;1;verb
39;204;бродит;0;verb
40;261;разогреть;1;verb
40;208;идёт;0;verb
40;260;наполнить;0;verb
40;305;потеряла;1;verb
40;176;вошли;0;verb
40;181;бродит;1;verb
40;219;вышла;0;verb
41;404;бродит;0;verb
41;174;наполнить;1;verb
41;161;идёт;1;verb
41;186;вошли;1;verb
41;180;вышла;1;verb
41;253;разогреть;0;verb
41;344;потеряла;0;verb
42;237;разогреть;1;verb
42;134;вошли;0;verb
42;265;бродит;1;verb
42;174;идёт;0;verb
42;263;потеряла;1;verb
42;231;наполнить;0;verb
43;218;разогреть;0;verb
43;300;потеряла;0;verb
43;224;идёт;1;verb
43;213;бродит;0;verb
43;230;наполнить;1;verb
43;203;вошли;1;verb
43;197;вышла;1;verb
44;147;бродит;1;verb
44;129;наполнить;0;verb
45;219;вошли;1;verb
45;246;разогреть;0;verb
45;251;потеряла;0;verb
45;203;вышла;1;verb
45;177;наполнить;1;verb
45;203;бродит;0;verb
46;100;бродит;1;verb
46;198;потеряла;1;verb
46;145;идёт;0;verb
46;201;разогреть;1;verb
46;144;наполнить;0;verb
47;264;наполнить;1;verb
47;268;идёт;1;verb
47;183;вошли;1;verb
47;150;вышла;1;verb
47;193;бродит;0;verb
47;229;потеряла;0;verb
48;268;бродит;1;verb
48;359;разогреть;1;verb
48;246;вошли;0;verb
48;255;потеряла;1;verb
48;203;вышла;0;verb
48;361;наполнить;0;verb
48;193;идёт;0;verb
49 (1);223;потеряла;0;verb
49 (1);168;наполнить;1;verb
49 (1);142;разогреть;0;verb
49 (1);184;вошли;1;verb
49 (1);87;вышла;1;verb
50;204;потеряла;1;verb
50;171;идёт;0;verb
50;285;бродит;1;verb
50;283;наполнить;0;verb
50;167;вошли;0;verb
50;350;разогреть;1;verb
50;117;вышла;0;verb
51;117;идёт;1;verb
51;256;бродит;0;verb
51;252;вышла;1;verb
51;237;потеряла;0;verb
51;291;вошли;1;verb
51;277;разогреть;0;verb
51;258;наполнить;1;verb
52;162;наполнить;0;Verb
52;193;вошли;0;Verb
52;219;разогреть;1;Verb
52;218;вышла;0;Verb
52;285;потеряла;1;Verb
53;223;вошли;1;Verb
53;188;наполнить;1;Verb
53;184;вышла;1;Verb
53;301;бродит;0;Verb
53;221;идёт;1;Verb
53;219;потеряла;0;Verb
53;155;разогреть;0;Verb
54;69;наполнить;0;Verb
54;230;вошли;0;Verb
54;89;разогреть;1;Verb
55;191;вошли;1;Verb
55;153;идёт;1;Verb
55;149;наполнить;1;Verb
55;127;потеряла;0;Verb
55;241;разогреть;0;Verb
55;88;бродит;0;Verb
56;237;вышла;0;Verb
56;272;разогреть;1;Verb
56;252;вошли;0;Verb
56;204;потеряла;1;Verb
56;231;бродит;1;Verb
56;219;наполнить;0;Verb
57;326;идёт;1;Verb
57;294;потеряла;0;Verb
57;314;вошли;1;Verb
57;222;разогреть;0;Verb
58;134;бродит;1;Verb
58;154;разогреть;1;Verb
58;147;потеряла;1;Verb
58;147;вышла;0;Verb
58;171;наполнить;0;Verb
59;229;наполнить;1;Verb
59;262;потеряла;0;Verb
59;69;разогреть;0;Verb
59;133;бродит;0;Verb
60;312;наполнить;0;Verb
60;143;вышла;0;Verb
60;180;вошли;0;Verb
60;182;бродит;1;Verb
60;240;разогреть;1;Verb
60;212;потеряла;1;Verb
61;190;бродит;0;Verb
61;151;вошли;1;Verb
61;291;идёт;1;Verb
61;239;вышла;1;Verb
61;310;наполнить;1;Verb
61;290;потеряла;0;Verb
61;293;разогреть;0;Verb
63;134;бродит;0;Verb
63;162;наполнить;1;Verb
63;211;потеряла;0;Verb
63;151;разогреть;0;Verb
64;221;разогреть;1;Verb
64;246;наполнить;0;Verb
64;296;идёт;0;Verb
64;193;вышла;0;Verb
64;238;потеряла;1;Verb
64;214;вошли;0;Verb
64;246;наполнить;0;Verb
64;296;идёт;0;Verb
64;193;вышла;0;Verb
64;238;потеряла;1;Verb
64;214;вошли;0;Verb
