﻿RECORDING_SESSION_LABEL;IA_DWELL_TIME;IA_LABEL;type;Word
1;215;обручи;2;noun
1;69;ислам;3;noun
2;352;запрет,;3;noun
2;157;товар;2;noun
2;131;деньги;2;noun
2;194;романы;3;noun
2;142;человека,;2;noun
2;145;паузу;3;noun
3;267;обручи;2;noun
3;508;приказ;3;noun
3;318;книгу;2;noun
3;117;куртку,;2;noun
3;312;ислам;3;noun
4;79;паузу;3;noun
4;270;запрет,;3;noun
4;279;товар;2;noun
4;184;флаг,;2;noun
5;276;обручи;2;noun
5;154;ислам;3;noun
5;266;книгу;2;noun
5;116;крик,;3;noun
5;170;приказ;3;noun
5;202;куртку,;2;noun
5;247;разговор,;3;noun
6;157;человека,;2;noun
6;187;товар;2;noun
6;308;деньги;2;noun
6;574;романы;3;noun
6;205;флаг,;2;noun
7;150;крик,;3;noun
7;1121;обручи;2;noun
7;160;разговор,;3;noun
7;253;книгу;2;noun
7;170;приказ;3;noun
7;293;ислам;3;noun
8;294;человека,;2;noun
8;292;романы;3;noun
8;290;паузу;3;noun
8;181;товар;2;noun
8;286;флаг,;2;noun
8;178;запрет,;3;noun
9;232;ислам;3;noun
9;302;приказ;3;noun
9;163;куртку,;2;noun
9;212;обручи;2;noun
9;192;крик,;3;noun
9;394;разговор,;3;noun
9;359;книгу;2;noun
10;214;флаг,;2;noun
10;256;товар;2;noun
10;237;паузу;3;noun
10;512;человека,;2;noun
10;206;запрет,;3;noun
10;259;деньги;2;noun
10;500;романы;3;noun
11;245;куртку,;2;noun
11;116;ислам;3;noun
11;442;обручи;2;noun
11;332;разговор,;3;noun
11;291;книгу;2;noun
11;133;приказ;3;noun
12;398;запрет,;3;noun
12;142;человека,;2;noun
12;147;деньги;2;noun
12;240;паузу;3;noun
12;155;флаг,;2;noun
13;508;приказ;3;noun
13;226;разговор,;3;noun
13;187;книгу;2;noun
13;341;куртку,;2;noun
13;217;обручи;2;noun
13;253;ислам;3;noun
14;256;деньги;2;noun
14;283;человека,;2;noun
14;263;романы;3;noun
14;280;паузу;3;noun
14;172;запрет,;3;noun
14;215;товар;2;noun
14;84;флаг,;2;noun
15;245;куртку,;2;noun
15;190;обручи;2;noun
15;390;приказ;3;noun
15;129;разговор,;3;noun
15;189;крик,;3;noun
15;182;ислам;3;noun
16;157;человека,;2;noun
16;309;романы;3;noun
16;256;паузу;3;noun
16;164;товар;2;noun
16;237;запрет,;3;noun
17;196;ислам;3;noun
17;450;обручи;2;noun
17;240;крик,;3;noun
17;180;разговор,;3;noun
17;134;книгу;2;noun
17;122;приказ;3;noun
17;142;куртку,;2;noun
18;97;деньги;2;noun
18;211;паузу;3;noun
18;72;запрет,;3;noun
18;268;романы;3;noun
18;567;человека,;2;noun
18;189;товар;2;noun
19;142;книгу;2;noun
19;140;крик,;3;noun
19;353;ислам;3;noun
19;180;разговор,;3;noun
20;408;запрет,;3;noun
20;251;человека,;2;noun
20;244;романы;3;noun
20;198;паузу;3;noun
20;453;деньги;2;noun
20;219;товар;2;noun
20;190;флаг,;2;noun
21;215;разговор,;3;noun
21;218;ислам;3;noun
21;176;обручи;2;noun
21;184;книгу;2;noun
22;191;товар;2;noun
22;275;флаг,;2;noun
22;311;паузу;3;noun
22;174;деньги;2;noun
22;126;романы;3;noun
22;199;запрет,;3;noun
23;651;приказ;3;noun
23;134;крик,;3;noun
23;328;куртку,;2;noun
23;342;ислам;3;noun
23;443;обручи;2;noun
23;241;разговор,;3;noun
23;97;книгу;2;noun
24;197;человека,;2;noun
24;274;романы;3;noun
24;138;флаг,;2;noun
24;188;деньги;2;noun
24;163;паузу;3;noun
25;121;крик,;3;noun
25;220;ислам;3;noun
25;382;обручи;2;noun
25;277;книгу;2;noun
25;280;приказ;3;noun
25;153;куртку,;2;noun
26;372;человека,;2;noun
26;468;романы;3;noun
26;403;запрет,;3;noun
26;178;товар;2;noun
26;316;флаг,;2;noun
26;211;паузу;3;noun
27;483;книгу;2;noun
27;118;ислам;3;noun
27;189;крик,;3;noun
27;206;куртку,;2;noun
27;591;приказ;3;noun
27;374;обручи;2;noun
28;132;человека,;2;noun
28;111;романы;3;noun
28;105;товар;2;noun
28;582;флаг,;2;noun
28;194;деньги;2;noun
28;65;запрет,;3;noun
29;217;разговор,;3;noun
29;171;куртку,;2;noun
29;256;крик,;3;noun
29;277;ислам;3;noun
29;265;обручи;2;noun
31;256;обручи;2;noun
31;172;крик,;3;noun
31;238;разговор,;3;noun
31;226;куртку,;2;noun
31;291;приказ;3;noun
32;168;романы;3;noun
32;102;флаг,;2;noun
32;211;товар;2;noun
32;196;паузу;3;noun
32;142;запрет,;3;noun
32;171;человека,;2;noun
32;575;деньги;2;noun
33;200;разговор,;3;noun
33;262;куртку,;2;noun
33;207;ислам;3;noun
33;190;обручи;2;noun
34;243;деньги;2;noun
34;159;человека,;2;noun
34;160;товар;2;noun
34;156;романы;3;noun
34;194;запрет,;3;noun
35;625;крик,;3;noun
35;284;ислам;3;noun
35;224;приказ;3;noun
35;114;куртку,;2;noun
35;133;книгу;2;noun
35;224;обручи;2;noun
35;129;разговор,;3;noun
36;165;романы;3;noun
36;131;запрет,;3;noun
36;189;деньги;2;noun
37;364;ислам;3;noun
37;238;куртку,;2;noun
37;166;крик,;3;noun
37;115;разговор,;3;noun
37;193;книгу;2;noun
37;239;приказ;3;noun
37;245;обручи;2;noun
39;556;книгу;2;noun
39;349;приказ;3;noun
39;347;крик,;3;noun
39;389;обручи;2;noun
39;399;куртку,;2;noun
39;213;ислам;3;noun
39;274;разговор,;3;noun
40;175;товар;2;noun
40;365;деньги;2;noun
40;507;романы;3;noun
40;249;запрет,;3;noun
40;170;паузу;3;noun
41;201;ислам;3;noun
41;148;разговор,;3;noun
41;410;обручи;2;noun
41;599;приказ;3;noun
42;308;запрет,;3;noun
42;337;товар;2;noun
42;175;деньги;2;noun
42;160;паузу;3;noun
42;373;человека,;2;noun
42;296;романы;3;noun
43;268;крик,;3;noun
43;236;ислам;3;noun
43;211;куртку,;2;noun
43;144;книгу;2;noun
43;478;разговор,;3;noun
43;160;приказ;3;noun
44;143;паузу;3;noun
44;141;деньги;2;noun
44;202;человека,;2;noun
44;239;запрет,;3;noun
45;203;разговор,;3;noun
45;330;крик,;3;noun
45;197;книгу;2;noun
45;191;куртку,;2;noun
45;538;обручи;2;noun
45;261;приказ;3;noun
46;186;человека,;2;noun
46;230;паузу;3;noun
46;267;романы;3;noun
46;246;запрет,;3;noun
47;256;ислам;3;noun
47;313;обручи;2;noun
47;150;приказ;3;noun
47;139;разговор,;3;noun
48;205;паузу;3;noun
48;236;романы;3;noun
48;276;человека,;2;noun
48;139;флаг,;2;noun
48;498;деньги;2;noun
48;366;запрет,;3;noun
48;174;товар;2;noun
49 (1);288;разговор,;3;noun
49 (1);395;куртку,;2;noun
49 (1);474;обручи;2;noun
49 (1);386;приказ;3;noun
49 (1);174;ислам;3;noun
49 (1);216;крик,;3;noun
50;207;товар;2;noun
50;171;человека,;2;noun
50;117;романы;3;noun
50;142;деньги;2;noun
50;178;паузу;3;noun
50;174;флаг,;2;noun
50;555;запрет,;3;noun
51;170;обручи;2;noun
51;256;разговор,;3;noun
51;172;приказ;3;noun
51;600;ислам;3;noun
52;146;паузу;3;noun
52;222;человека,;2;noun
52;374;товар;2;noun
52;157;флаг,;2;noun
52;217;запрет,;3;noun
53;278;обручи;2;noun
53;364;приказ;3;noun
53;221;ислам;3;noun
53;179;крик,;3;noun
53;270;книгу;2;noun
53;591;куртку,;2;noun
53;242;разговор,;3;noun
54;182;человека,;2;noun
54;154;романы;3;noun
54;184;запрет,;3;noun
55;111;крик,;3;noun
55;1237;обручи;2;noun
55;220;ислам;3;noun
55;174;книгу;2;noun
55;133;куртку,;2;noun
55;110;разговор,;3;noun
56;586;запрет,;3;noun
56;360;романы;3;noun
56;419;деньги;2;noun
56;266;флаг,;2;noun
56;265;паузу;3;noun
56;1397;человека,;2;noun
57;352;куртку,;2;noun
57;203;приказ;3;noun
58;172;романы;3;noun
58;155;запрет,;3;noun
58;186;деньги;2;noun
58;199;паузу;3;noun
59;452;куртку,;2;noun
59;227;обручи;2;noun
59;207;книгу;2;noun
59;73;приказ;3;noun
59;251;разговор,;3;noun
59;181;крик,;3;noun
60;210;человека,;2;noun
60;280;товар;2;noun
60;347;деньги;2;noun
60;212;паузу;3;noun
60;179;запрет,;3;noun
60;725;романы;3;noun
61;583;ислам;3;noun
61;422;разговор,;3;noun
61;472;обручи;2;noun
61;109;крик,;3;noun
61;166;книгу;2;noun
61;448;куртку,;2;noun
63;294;куртку,;2;noun
63;206;приказ;3;noun
63;186;ислам;3;noun
63;417;разговор,;3;noun
64;203;флаг,;2;noun
64;186;паузу;3;noun
64;173;деньги;2;noun
64;399;товар;2;noun
64;164;запрет,;3;noun
64;239;человека,;2;noun
64;173;деньги;2;noun
64;399;товар;2;noun
64;164;запрет,;3;noun
64;239;человека,;2;noun
