﻿RECORDING_SESSION_LABEL;IA_DWELL_TIME;IA_LABEL;type;Word
1;584;крутит;2;verb
1;502;взять;2;verb
1;200;ведут;3;verb
1;295;принимать;3;verb
1;322;поднялся;3;verb
1;584;снял;2;verb
2;309;поднялся;2;verb
2;450;принимать;2;verb
2;81;дал;2;verb
2;157;крутит;3;verb
2;150;ведут;2;verb
3;214;крутит;2;verb
3;215;поднялся;3;verb
3;274;ведут;3;verb
3;220;взять;2;verb
3;596;снял;2;verb
3;290;принимать;3;verb
4;275;взять;3;verb
4;231;снял;3;verb
4;257;ведут;2;verb
4;259;принимать;2;verb
4;212;поднялся;2;verb
4;223;дал;2;verb
5;415;крутит;2;verb
5;558;принимать;3;verb
5;564;поднялся;3;verb
5;202;дал;3;verb
5;213;ведут;3;verb
6;187;взять;3;verb
6;308;ведут;2;verb
6;237;принимать;2;verb
6;383;снял;3;verb
6;460;крутит;3;verb
6;171;поднялся;2;verb
7;260;поднялся;3;verb
7;425;снял;2;verb
7;628;крутит;2;verb
7;338;ведут;3;verb
7;319;дал;3;verb
7;276;принимать;3;verb
8;190;ведут;2;verb
8;262;крутит;3;verb
8;247;взять;3;verb
8;790;принимать;2;verb
8;445;поднялся;2;verb
8;240;снял;3;verb
9;276;принимать;3;verb
9;135;дал;3;verb
9;159;снял;2;verb
9;331;крутит;2;verb
9;347;поднялся;3;verb
10;240;поднялся;2;verb
10;382;принимать;2;verb
10;200;взять;3;verb
10;391;ведут;2;verb
10;239;снял;3;verb
10;209;крутит;3;verb
11;133;принимать;3;verb
11;159;крутит;2;verb
11;225;поднялся;3;verb
11;100;взять;2;verb
12;166;ведут;2;verb
12;177;дал;2;verb
12;166;принимать;2;verb
12;392;крутит;3;verb
13;223;дал;3;verb
13;243;ведут;3;verb
13;199;взять;2;verb
13;231;крутит;2;verb
13;239;принимать;3;verb
13;332;поднялся;3;verb
14;210;дал;2;verb
14;298;ведут;2;verb
14;855;крутит;3;verb
14;306;взять;3;verb
14;522;снял;3;verb
14;259;принимать;2;verb
14;330;поднялся;2;verb
15;180;снял;2;verb
15;220;дал;3;verb
15;213;ведут;3;verb
15;180;взять;2;verb
15;184;поднялся;3;verb
16;251;ведут;2;verb
16;477;дал;2;verb
16;117;крутит;3;verb
16;170;взять;3;verb
16;261;принимать;2;verb
16;224;снял;3;verb
16;235;поднялся;2;verb
17;177;принимать;3;verb
17;205;крутит;2;verb
17;427;поднялся;3;verb
17;169;ведут;3;verb
17;139;взять;2;verb
17;146;дал;3;verb
17;175;снял;2;verb
18;238;дал;2;verb
18;185;взять;3;verb
18;475;поднялся;2;verb
18;589;снял;3;verb
18;203;крутит;3;verb
18;286;ведут;2;verb
18;185;принимать;2;verb
19;425;крутит;2;verb
19;223;взять;2;verb
19;718;поднялся;3;verb
19;257;принимать;3;verb
19;261;дал;3;verb
19;374;ведут;3;verb
19;344;снял;2;verb
20;523;снял;3;verb
20;458;ведут;2;verb
20;213;крутит;3;verb
20;217;взять;3;verb
20;646;дал;2;verb
20;206;принимать;2;verb
20;223;поднялся;2;verb
21;131;принимать;3;verb
21;310;поднялся;3;verb
21;218;дал;3;verb
21;524;снял;2;verb
22;249;принимать;2;verb
22;393;поднялся;2;verb
22;261;взять;3;verb
22;152;дал;2;verb
22;285;крутит;3;verb
22;348;снял;3;verb
23;463;поднялся;3;verb
23;425;снял;2;verb
23;488;принимать;3;verb
23;309;крутит;2;verb
23;633;ведут;3;verb
23;343;взять;2;verb
24;103;крутит;3;verb
24;372;принимать;2;verb
24;195;поднялся;2;verb
24;149;снял;3;verb
25;684;поднялся;3;verb
25;266;принимать;3;verb
25;257;крутит;2;verb
25;199;взять;2;verb
25;235;дал;3;verb
25;374;снял;2;verb
25;305;ведут;3;verb
26;217;ведут;2;verb
26;453;крутит;3;verb
26;245;дал;2;verb
26;293;снял;3;verb
26;480;принимать;2;verb
26;850;поднялся;2;verb
26;200;взять;3;verb
27;215;взять;2;verb
27;149;принимать;3;verb
27;155;ведут;3;verb
27;213;поднялся;3;verb
28;182;ведут;2;verb
28;522;крутит;3;verb
28;644;принимать;2;verb
28;109;поднялся;2;verb
28;353;взять;3;verb
28;391;снял;3;verb
29;224;взять;2;verb
29;402;дал;3;verb
29;214;ведут;3;verb
29;222;снял;2;verb
29;262;поднялся;3;verb
29;298;принимать;3;verb
29;310;крутит;2;verb
31;224;крутит;2;verb
31;270;принимать;3;verb
31;242;поднялся;3;verb
31;345;ведут;3;verb
31;397;снял;2;verb
32;221;крутит;3;verb
32;540;поднялся;2;verb
32;190;принимать;2;verb
32;315;снял;3;verb
32;212;ведут;2;verb
32;214;дал;2;verb
33;185;ведут;3;verb
33;324;дал;3;verb
33;200;принимать;3;verb
33;381;поднялся;3;verb
33;267;крутит;2;verb
33;288;взять;2;verb
34;167;ведут;2;verb
34;377;принимать;2;verb
34;575;крутит;3;verb
34;405;поднялся;2;verb
34;416;снял;3;verb
35;561;поднялся;3;verb
35;242;принимать;3;verb
35;218;взять;2;verb
35;189;крутит;2;verb
35;249;ведут;3;verb
36;482;взять;3;verb
36;288;крутит;3;verb
36;351;ведут;2;verb
36;221;принимать;2;verb
36;182;снял;3;verb
36;259;поднялся;2;verb
37;209;принимать;3;verb
37;261;снял;2;verb
37;202;поднялся;3;verb
37;371;ведут;3;verb
37;285;взять;2;verb
37;164;дал;3;verb
37;209;крутит;2;verb
39;197;взять;2;verb
39;99;дал;3;verb
39;352;поднялся;3;verb
39;363;крутит;2;verb
39;290;снял;2;verb
39;331;принимать;3;verb
39;205;ведут;3;verb
40;249;принимать;2;verb
40;272;дал;2;verb
40;375;крутит;3;verb
40;318;поднялся;2;verb
40;175;ведут;2;verb
40;145;снял;3;verb
40;593;взять;3;verb
41;281;принимать;3;verb
41;184;поднялся;3;verb
41;395;ведут;3;verb
41;391;взять;2;verb
41;186;крутит;2;verb
41;305;снял;2;verb
41;70;дал;3;verb
42;711;поднялся;2;verb
42;257;снял;3;verb
42;195;принимать;2;verb
42;151;дал;2;verb
42;169;взять;3;verb
42;167;ведут;2;verb
42;160;крутит;3;verb
43;267;поднялся;3;verb
43;253;принимать;3;verb
43;466;крутит;2;verb
43;116;дал;3;verb
44;146;взять;3;verb
44;88;поднялся;2;verb
44;105;дал;2;verb
44;103;ведут;2;verb
44;149;снял;3;verb
45;196;ведут;3;verb
45;194;снял;2;verb
45;204;крутит;2;verb
45;229;принимать;3;verb
46;329;ведут;2;verb
46;154;поднялся;2;verb
46;138;взять;3;verb
46;155;принимать;2;verb
46;211;крутит;3;verb
46;151;дал;2;verb
47;222;взять;2;verb
47;648;принимать;3;verb
47;249;крутит;2;verb
47;202;снял;2;verb
47;397;поднялся;3;verb
48;250;взять;3;verb
48;283;крутит;3;verb
48;206;ведут;2;verb
48;291;поднялся;2;verb
48;225;дал;2;verb
48;231;снял;3;verb
48;285;принимать;2;verb
49 (1);149;ведут;3;verb
49 (1);159;снял;2;verb
49 (1);609;крутит;2;verb
49 (1);204;принимать;3;verb
49 (1);176;поднялся;3;verb
49 (1);173;взять;2;verb
50;424;принимать;2;verb
50;102;ведут;2;verb
50;383;крутит;3;verb
50;180;дал;2;verb
50;102;взять;3;verb
50;373;поднялся;2;verb
50;167;снял;3;verb
51;175;поднялся;3;verb
51;531;крутит;2;verb
51;536;ведут;3;verb
51;275;дал;3;verb
51;391;взять;2;verb
51;382;снял;2;verb
51;315;принимать;3;verb
52;428;дал;2;Verb
52;280;взять;3;Verb
52;145;ведут;2;Verb
52;279;принимать;2;Verb
52;314;поднялся;2;Verb
52;380;крутит;3;Verb
52;443;снял;3;Verb
53;251;принимать;3;Verb
53;199;поднялся;3;Verb
53;438;взять;2;Verb
53;183;снял;2;Verb
53;412;ведут;3;Verb
54;136;ведут;2;Verb
54;237;поднялся;2;Verb
54;294;крутит;3;Verb
55;325;поднялся;3;Verb
55;1010;крутит;2;Verb
55;138;принимать;3;Verb
55;187;взять;2;Verb
55;341;снял;2;Verb
55;347;ведут;3;Verb
55;439;дал;3;Verb
56;242;принимать;2;Verb
56;279;поднялся;2;Verb
56;1061;ведут;2;Verb
57;366;крутит;2;Verb
57;355;поднялся;3;Verb
57;315;снял;2;Verb
57;363;принимать;3;Verb
57;412;дал;3;Verb
57;555;ведут;3;Verb
57;300;взять;2;Verb
58;143;ведут;2;Verb
58;158;принимать;2;Verb
58;182;поднялся;2;Verb
59;181;взять;2;Verb
59;174;дал;3;Verb
59;276;поднялся;3;Verb
59;236;принимать;3;Verb
60;190;ведут;2;Verb
60;234;принимать;2;Verb
60;230;дал;2;Verb
60;253;взять;3;Verb
60;266;снял;3;Verb
60;219;крутит;3;Verb
61;327;принимать;3;Verb
61;406;ведут;3;Verb
61;322;крутит;2;Verb
61;530;поднялся;3;Verb
61;235;взять;2;Verb
61;506;снял;2;Verb
63;304;поднялся;3;Verb
63;136;принимать;3;Verb
63;170;взять;2;Verb
63;347;ведут;3;Verb
63;159;крутит;2;Verb
64;303;поднялся;2;Verb
64;357;взять;3;Verb
64;648;крутит;3;Verb
64;229;дал;2;Verb
64;439;принимать;2;Verb
64;552;ведут;2;Verb
64;229;дал;2;Verb
64;439;принимать;2;Verb
64;552;ведут;2;Verb
