﻿RECORDING_SESSION_LABEL;IA_DWELL_TIME;IA_LABEL;type;Word
1;1168;близлежащем;2;common
1;456;который0;3;common
1;344;несмотря;3;common
1;266;который1;3;common
1;993;которая;2;common
1;263;строительство;3;common
2;205;который2;3;common
2;135;несмотря;2;common
2;189;строительство;2;common
2;363;близлежащем;3;common
2;152;который0;2;common
2;176;уйти;3;common
3;292;близлежащем;2;common
3;107;который1;3;common
3;519;строительство;3;common
3;427;который0;3;common
3;254;уйти;2;common
3;239;которая;2;common
3;347;несмотря;3;common
4;942;близлежащем;3;common
4;276;уйти;3;common
4;189;который2;3;common
4;160;который0;2;common
4;194;несмотря;2;common
4;175;который1;2;common
4;280;строительство;2;common
5;729;близлежащем;2;common
5;392;несмотря;3;common
5;216;который1;3;common
5;732;строительство;3;common
5;286;которая;2;common
5;238;который0;3;common
6;261;несмотря;2;common
6;249;строительство;2;common
6;1275;близлежащем;3;common
7;263;который1;3;common
7;227;которая;2;common
7;901;близлежащем;2;common
7;257;который0;3;common
7;249;уйти;2;common
7;441;строительство;3;common
7;457;несмотря;3;common
8;244;который0;2;common
8;2020;близлежащем;3;common
8;272;уйти;3;common
8;346;несмотря;2;common
8;337;который1;2;common
8;291;который2;3;common
8;409;строительство;2;common
9;324;несмотря;3;common
9;301;строительство;3;common
9;284;которая;2;common
9;980;близлежащем;2;common
9;207;который1;3;common
9;200;который0;3;common
9;189;уйти;2;common
10;133;который1;2;common
10;214;несмотря;2;common
10;187;который0;2;common
10;333;который2;3;common
10;471;строительство;2;common
10;939;близлежащем;3;common
11;183;которая;2;common
11;224;несмотря;3;common
11;315;близлежащем;2;common
11;112;который1;3;common
11;250;строительство;3;common
12;153;который0;2;common
12;303;строительство;2;common
12;152;несмотря;2;common
12;205;уйти;3;common
12;238;близлежащем;3;common
12;190;который1;2;common
13;444;строительство;3;common
13;235;который0;3;common
13;238;уйти;2;common
13;508;близлежащем;2;common
13;317;несмотря;3;common
13;276;который1;3;common
14;749;строительство;2;common
14;209;который0;2;common
14;559;близлежащем;3;common
14;222;уйти;3;common
14;759;который2;3;common
14;298;несмотря;2;common
14;206;который1;2;common
15;213;близлежащем;2;common
15;532;строительство;3;common
15;187;который0;3;common
15;215;уйти;2;common
15;189;который1;3;common
15;343;несмотря;3;common
16;245;который0;2;common
16;291;строительство;2;common
16;411;близлежащем;3;common
16;187;уйти;3;common
16;441;несмотря;2;common
16;258;который2;3;common
16;253;который1;2;common
17;191;близлежащем;2;common
17;105;который1;3;common
17;156;который0;3;common
17;172;уйти;2;common
17;197;строительство;3;common
17;142;которая;2;common
18;342;строительство;2;common
18;287;уйти;3;common
18;199;который1;2;common
18;226;который2;3;common
18;599;близлежащем;3;common
18;215;который0;2;common
18;182;несмотря;2;common
19;413;близлежащем;2;common
19;230;уйти;2;common
19;199;который1;3;common
19;281;несмотря;3;common
19;675;строительство;3;common
19;239;который0;3;common
19;203;которая;2;common
20;281;который2;3;common
20;171;который0;2;common
20;457;близлежащем;3;common
20;289;уйти;3;common
20;489;строительство;2;common
20;505;несмотря;2;common
20;197;который1;2;common
21;175;который0;3;common
21;614;несмотря;3;common
21;188;близлежащем;2;common
21;87;который1;3;common
21;516;строительство;3;common
21;239;уйти;2;common
21;310;которая;2;common
22;437;несмотря;2;common
22;222;который1;2;common
22;239;уйти;3;common
22;385;строительство;2;common
22;390;который0;2;common
22;532;близлежащем;3;common
22;458;который2;3;common
23;596;строительство;3;common
23;187;который1;3;common
23;227;которая;2;common
23;233;несмотря;3;common
23;448;близлежащем;2;common
23;806;который0;3;common
23;242;уйти;2;common
24;179;который0;2;common
24;172;близлежащем;3;common
24;448;несмотря;2;common
24;152;который2;3;common
24;177;строительство;2;common
25;363;который1;3;common
25;275;несмотря;3;common
25;731;близлежащем;2;common
25;235;уйти;2;common
25;326;строительство;3;common
25;237;которая;2;common
25;277;который0;3;common
26;178;который0;2;common
26;2693;близлежащем;3;common
26;344;строительство;2;common
26;144;который2;3;common
26;571;несмотря;2;common
26;367;который1;2;common
27;568;несмотря;3;common
27;526;который0;3;common
27;174;строительство;3;common
27;874;близлежащем;2;common
28;478;близлежащем;3;common
28;456;несмотря;2;common
28;165;уйти;3;common
28;415;строительство;2;common
28;520;который2;3;common
29;454;строительство;3;common
29;213;который0;3;common
29;199;которая;2;common
29;226;который1;3;common
29;229;несмотря;3;common
29;434;близлежащем;2;common
31;216;близлежащем;2;common
31;586;который0;3;common
31;620;которая;2;common
31;261;строительство;3;common
32;658;близлежащем;3;common
32;153;который1;2;common
32;125;несмотря;2;common
32;210;уйти;3;common
32;379;который2;3;common
32;582;который0;2;common
32;558;строительство;2;common
33;189;который0;3;common
33;215;которая;2;common
33;427;строительство;3;common
33;256;несмотря;3;common
33;208;который1;3;common
33;827;близлежащем;2;common
33;456;уйти;2;common
34;330;строительство;2;common
34;294;несмотря;2;common
34;1165;близлежащем;3;common
34;179;который1;2;common
34;457;который2;3;common
35;204;который1;3;common
35;180;несмотря;3;common
35;241;строительство;3;common
35;412;близлежащем;2;common
35;283;который0;3;common
36;276;уйти;3;common
36;202;близлежащем;3;common
36;208;который0;2;common
36;366;несмотря;2;common
36;639;который2;3;common
36;385;строительство;2;common
36;182;который1;2;common
37;230;несмотря;3;common
37;186;которая;2;common
37;187;который1;3;common
37;202;который0;3;common
37;203;уйти;2;common
37;366;строительство;3;common
37;428;близлежащем;2;common
39;270;уйти;2;common
39;494;строительство;3;common
39;114;который1;3;common
39;836;близлежащем;2;common
39;631;которая;2;common
39;394;несмотря;3;common
39;181;который0;3;common
40;274;несмотря;2;common
40;669;строительство;2;common
40;1353;близлежащем;3;common
40;341;который1;2;common
40;134;который2;3;common
40;355;уйти;3;common
41;363;несмотря;3;common
41;183;который1;3;common
41;167;который0;3;common
41;226;уйти;2;common
41;371;близлежащем;2;common
41;169;которая;2;common
41;610;строительство;3;common
42;389;который1;2;common
42;174;который2;3;common
42;194;несмотря;2;common
42;177;строительство;2;common
42;179;который0;2;common
42;519;близлежащем;3;common
43;223;который1;3;common
43;270;несмотря;3;common
43;215;которая;2;common
43;463;уйти;2;common
43;208;который0;3;common
43;256;строительство;3;common
44;186;который1;2;common
44;134;строительство;2;common
45;195;который0;3;common
45;155;который1;3;common
45;218;которая;2;common
45;555;близлежащем;2;common
45;424;несмотря;3;common
45;176;строительство;3;common
46;238;который1;2;common
46;351;несмотря;2;common
46;1069;близлежащем;3;common
46;183;строительство;2;common
47;728;близлежащем;2;common
47;130;которая;2;common
47;168;который1;3;common
47;169;строительство;3;common
47;167;который0;3;common
48;254;уйти;3;common
48;714;близлежащем;3;common
48;307;который0;2;common
48;272;который1;2;common
48;304;строительство;2;common
48;239;который2;3;common
48;206;несмотря;2;common
49 (1);758;близлежащем;2;common
49 (1);394;строительство;3;common
49 (1);216;несмотря;3;common
49 (1);156;уйти;2;common
50;162;несмотря;2;common
50;329;который0;2;common
50;585;близлежащем;3;common
50;192;строительство;2;common
50;166;который1;2;common
50;240;который2;3;common
51;394;который1;3;common
51;651;близлежащем;2;common
51;262;который0;3;common
51;457;строительство;3;common
51;383;уйти;2;common
51;263;которая;2;common
51;239;несмотря;3;common
52;309;строительство;2;common
52;247;уйти;3;common
52;213;который0;2;common
52;195;несмотря;2;common
52;192;который1;2;common
52;387;близлежащем;3;common
52;153;который2;3;common
53;437;близлежащем;2;common
53;354;строительство;3;common
53;327;несмотря;3;common
53;282;уйти;2;common
53;451;которая;2;common
53;167;который0;3;common
54;198;который0;2;common
54;208;который1;2;common
54;85;строительство;2;common
54;161;несмотря;2;common
54;624;близлежащем;3;common
55;226;который1;3;common
55;672;близлежащем;2;common
55;542;несмотря;3;common
55;307;уйти;2;common
55;198;которая;2;common
55;151;который0;3;common
55;692;строительство;3;common
56;555;несмотря;2;common
56;266;близлежащем;3;common
56;536;строительство;2;common
56;196;который1;2;common
56;484;который0;2;common
57;407;близлежащем;2;common
57;438;который1;3;common
57;393;несмотря;3;common
57;361;строительство;3;common
57;446;который0;3;common
57;197;уйти;2;common
58;181;который0;2;common
58;379;близлежащем;3;common
58;349;несмотря;2;common
58;171;строительство;2;common
58;209;уйти;3;common
59;1092;близлежащем;2;common
59;119;уйти;2;common
59;207;строительство;3;common
59;217;который0;3;common
59;780;несмотря;3;common
60;204;который0;2;common
60;265;несмотря;2;common
60;287;который1;2;common
60;1069;строительство;2;common
60;292;уйти;3;common
60;247;который2;3;common
60;849;близлежащем;3;common
61;102;строительство;3;common
61;276;несмотря;3;common
61;233;который0;3;common
61;1227;близлежащем;2;common
61;224;который1;3;common
61;206;уйти;2;common
61;419;которая;2;common
63;208;который1;3;common
63;219;строительство;3;common
63;199;несмотря;3;common
63;602;который0;3;common
64;321;который1;2;common
64;143;уйти;3;common
64;577;близлежащем;3;common
64;217;строительство;2;common
64;134;несмотря;2;common
64;76;который2;3;common
64;466;который0;2;common
64;217;строительство;2;common
64;134;несмотря;2;common
64;76;который2;3;common
64;466;который0;2;common
